yr,holiday,workingday,temp,hum,windspeed,leaflets,price reduction,cnt,weathersit_2,weathersit_3,season_sin,season_cos,mnth_sin,mnth_cos,weekday_sin,weekday_cos
0,0,0,13.7667,78.75725066691479,0.160446,755,0,985,True,False,1.0,6.123233995736766e-17,0.49999999999999994,0.8660254037844387,-0.7818314824680299,0.6234898018587334
0,0,0,14.5391,64.76943803268743,0.2485389999999999,837,1,801,True,False,1.0,6.123233995736766e-17,0.49999999999999994,0.8660254037844387,-0.7818314824680299,0.6234898018587334
0,0,1,7.8546,31.781978452247888,0.248309,829,0,1349,False,False,1.0,6.123233995736766e-17,0.49999999999999994,0.8660254037844387,0.7818314824680298,0.6234898018587336
0,0,1,8.0,51.303431249466286,0.160296,734,0,1562,False,False,1.0,6.123233995736766e-17,0.49999999999999994,0.8660254037844387,0.9749279121818236,-0.22252093395631434
0,0,1,9.0783,31.741702280064697,0.1869,745,0,1600,False,False,1.0,6.123233995736766e-17,0.49999999999999994,0.8660254037844387,0.43388373911755823,-0.900968867902419
0,0,1,8.1739,42.10440450532322,0.0895652,734,1,1606,False,False,1.0,6.123233995736766e-17,0.49999999999999994,0.8660254037844387,-0.433883739117558,-0.9009688679024191
0,0,0,6.6,44.34406557368692,0.266804,990,0,959,True,False,1.0,6.123233995736766e-17,0.49999999999999994,0.8660254037844387,-0.7818314824680299,0.6234898018587334
0,0,0,5.5333,31.386099367434678,0.36195,836,0,822,False,False,1.0,6.123233995736766e-17,0.49999999999999994,0.8660254037844387,-0.7818314824680299,0.6234898018587334
0,0,1,6.0333,37.599591120378605,0.223267,897,0,1321,False,False,1.0,6.123233995736766e-17,0.49999999999999994,0.8660254037844387,0.7818314824680298,0.6234898018587336
0,0,1,6.9091,52.46455760576001,0.304627,889,0,1162,False,False,1.0,6.123233995736766e-17,0.49999999999999994,0.8660254037844387,0.43388373911755823,-0.900968867902419
0,0,1,6.6,36.00638810680324,0.301,572,1,1406,False,False,1.0,6.123233995736766e-17,0.49999999999999994,0.8660254037844387,-0.433883739117558,-0.9009688679024191
0,0,0,9.3333,39.617605785493694,0.157963,991,0,1248,True,False,1.0,6.123233995736766e-17,0.49999999999999994,0.8660254037844387,-0.7818314824680299,0.6234898018587334
0,1,0,7.0333,44.556535127577334,0.194017,650,0,1000,True,False,1.0,6.123233995736766e-17,0.49999999999999994,0.8660254037844387,0.7818314824680298,0.6234898018587336
0,0,1,11.687,70.58807035074685,0.208317,1024,0,1650,True,False,1.0,6.123233995736766e-17,0.49999999999999994,0.8660254037844387,0.43388373911755823,-0.900968867902419
0,0,1,10.4667,55.28988010191402,0.195904,992,0,1927,True,False,1.0,6.123233995736766e-17,0.49999999999999994,0.8660254037844387,-0.433883739117558,-0.9009688679024191
0,0,1,7.1,34.306886588162115,0.353242,725,0,1543,False,False,1.0,6.123233995736766e-17,0.49999999999999994,0.8660254037844387,-0.9749279121818236,-0.2225209339563146
0,0,0,2.3652,27.03130197824832,0.17197,891,0,981,False,False,1.0,6.123233995736766e-17,0.49999999999999994,0.8660254037844387,-0.7818314824680299,0.6234898018587334
0,0,0,3.8609,31.68625881519228,0.2466,932,1,986,False,False,1.0,6.123233995736766e-17,0.49999999999999994,0.8660254037844387,-0.7818314824680299,0.6234898018587334
0,0,1,8.9391,54.68382567554994,0.129796,977,0,1985,True,False,1.0,6.123233995736766e-17,0.49999999999999994,0.8660254037844387,0.9749279121818236,-0.22252093395631434
0,0,1,8.7,85.9798134805368,0.29385,602,0,506,False,True,1.0,6.123233995736766e-17,0.49999999999999994,0.8660254037844387,0.43388373911755823,-0.900968867902419
0,0,1,8.1391,77.12708534342448,0.1233,854,0,1167,True,False,1.0,6.123233995736766e-17,0.49999999999999994,0.8660254037844387,-0.9749279121818236,-0.2225209339563146
0,0,0,7.8609,55.28988010191402,0.145365,1018,0,1098,False,False,1.0,6.123233995736766e-17,0.49999999999999994,0.8660254037844387,-0.7818314824680299,0.6234898018587334
0,0,0,8.6609,68.09438899389868,0.0739826,548,0,1096,False,False,1.0,6.123233995736766e-17,0.49999999999999994,0.8660254037844387,-0.7818314824680299,0.6234898018587334
0,0,1,7.2333,53.00051109952676,0.187192,901,0,1501,True,False,1.0,6.123233995736766e-17,0.49999999999999994,0.8660254037844387,0.7818314824680298,0.6234898018587336
0,0,1,7.687,81.78204218036844,0.0532129999999999,914,0,1360,True,False,1.0,6.123233995736766e-17,0.8660254037844386,0.5000000000000001,0.9749279121818236,-0.22252093395631434
0,0,1,10.4,74.88054163804213,0.264308,678,0,1526,True,False,1.0,6.123233995736766e-17,0.8660254037844386,0.5000000000000001,0.43388373911755823,-0.900968867902419
0,0,0,9.3333,94.4769387050191,0.161079,707,0,1005,True,False,1.0,6.123233995736766e-17,0.8660254037844386,0.5000000000000001,-0.7818314824680299,0.6234898018587334
0,0,0,11.4333,48.48639340898286,0.1418,565,0,1623,False,False,1.0,6.123233995736766e-17,0.8660254037844386,0.5000000000000001,-0.7818314824680299,0.6234898018587334
0,0,1,8.8333,44.60968438011021,0.36195,611,0,1530,False,False,1.0,6.123233995736766e-17,0.8660254037844386,0.5000000000000001,0.9749279121818236,-0.22252093395631434
0,0,1,5.3913,39.11198687710542,0.188839,474,0,1605,True,False,1.0,6.123233995736766e-17,0.8660254037844386,0.5000000000000001,0.43388373911755823,-0.900968867902419
0,0,1,5.7739,31.797018288696034,0.221935,840,0,1538,False,False,1.0,6.123233995736766e-17,0.8660254037844386,0.5000000000000001,-0.433883739117558,-0.9009688679024191
0,0,1,7.5636,40.58805760512273,0.10855,946,0,1746,False,False,1.0,6.123233995736766e-17,0.8660254037844386,0.5000000000000001,-0.9749279121818236,-0.2225209339563146
0,0,0,8.9,45.40628588689789,0.203367,709,0,1472,False,False,1.0,6.123233995736766e-17,0.8660254037844386,0.5000000000000001,-0.7818314824680299,0.6234898018587334
0,0,0,12.6609,34.34614311041662,0.260883,686,1,1589,False,False,1.0,6.123233995736766e-17,0.8660254037844386,0.5000000000000001,-0.7818314824680299,0.6234898018587334
0,0,1,16.6,23.95106699992225,0.417908,949,1,1913,False,False,1.0,6.123233995736766e-17,0.8660254037844386,0.5000000000000001,0.7818314824680298,0.6234898018587336
0,0,1,10.6435,16.114420016747754,0.2913739999999999,565,0,1815,False,False,1.0,6.123233995736766e-17,0.8660254037844386,0.5000000000000001,0.9749279121818236,-0.22252093395631434
0,0,1,12.7304,30.023719606466113,0.251791,1029,0,2115,False,False,1.0,6.123233995736766e-17,0.8660254037844386,0.5000000000000001,0.43388373911755823,-0.900968867902419
0,0,1,17.4333,40.41420729228139,0.230104,756,0,2475,False,False,1.0,6.123233995736766e-17,0.8660254037844386,0.5000000000000001,-0.433883739117558,-0.9009688679024191
0,0,1,20.8667,41.90123925703209,0.264925,681,0,2927,False,False,1.0,6.123233995736766e-17,0.8660254037844386,0.5000000000000001,-0.9749279121818236,-0.2225209339563146
0,0,0,15.9667,0.0,0.507463,623,0,1635,False,False,1.0,6.123233995736766e-17,0.8660254037844386,0.5000000000000001,-0.7818314824680299,0.6234898018587334
0,0,0,11.4087,28.028774520987586,0.223235,628,0,1812,False,False,1.0,6.123233995736766e-17,0.8660254037844386,0.5000000000000001,-0.7818314824680299,0.6234898018587334
0,1,0,12.1333,53.1598314008843,0.307846,802,0,1107,True,False,1.0,6.123233995736766e-17,0.8660254037844386,0.5000000000000001,0.7818314824680298,0.6234898018587336
0,0,1,8.8696,29.968276141593687,0.094113,674,1,1917,False,False,1.0,6.123233995736766e-17,0.8660254037844386,0.5000000000000001,0.43388373911755823,-0.900968867902419
0,0,1,11.8261,64.93564097106362,0.250496,759,0,1807,True,False,1.0,6.123233995736766e-17,0.8660254037844386,0.5000000000000001,-0.433883739117558,-0.9009688679024191
0,0,1,14.5739,55.28988010191402,0.346539,493,0,1461,True,False,1.0,6.123233995736766e-17,0.8660254037844386,0.5000000000000001,-0.9749279121818236,-0.2225209339563146
0,0,0,11.3,44.60968438011021,0.186571,522,0,1969,False,False,1.0,6.123233995736766e-17,0.8660254037844386,0.5000000000000001,-0.7818314824680299,0.6234898018587334
0,0,0,13.7391,62.71904948233649,0.125248,736,0,2402,False,False,1.0,6.123233995736766e-17,0.8660254037844386,0.5000000000000001,-0.7818314824680299,0.6234898018587334
0,0,1,16.2909,55.28988010191402,0.289686,471,1,1446,True,False,1.0,6.123233995736766e-17,0.8660254037844386,0.5000000000000001,0.7818314824680298,0.6234898018587336
0,0,1,10.6667,44.237894524862256,0.216425,971,0,1851,False,False,1.0,6.123233995736766e-17,1.0,6.123233995736766e-17,0.9749279121818236,-0.22252093395631434
0,0,1,7.9333,16.622333137475575,0.225754,759,0,1685,False,False,1.0,6.123233995736766e-17,1.0,6.123233995736766e-17,-0.433883739117558,-0.9009688679024191
0,0,1,10.4667,53.85026185884732,0.203346,932,1,1944,True,False,1.0,6.123233995736766e-17,1.0,6.123233995736766e-17,-0.9749279121818236,-0.2225209339563146
0,0,0,15.0609,96.91058817231574,0.343287,667,0,605,True,False,1.0,6.123233995736766e-17,1.0,6.123233995736766e-17,-0.7818314824680299,0.6234898018587334
0,0,1,10.4696,46.31594107952888,0.341352,981,1,1872,False,False,1.0,6.123233995736766e-17,1.0,6.123233995736766e-17,0.7818314824680298,0.6234898018587336
0,0,1,11.7,29.686597848793564,0.12065,924,0,2133,False,False,1.0,6.123233995736766e-17,1.0,6.123233995736766e-17,0.9749279121818236,-0.22252093395631434
0,0,1,11.8333,74.88054163804213,0.22015,521,1,1891,True,False,1.0,6.123233995736766e-17,1.0,6.123233995736766e-17,0.43388373911755823,-0.900968867902419
0,0,1,12.6609,58.83991878488318,0.2329699999999999,487,1,1977,True,False,1.0,6.123233995736766e-17,1.0,6.123233995736766e-17,-0.9749279121818236,-0.2225209339563146
0,0,0,13.1667,51.832119737491126,0.220775,580,0,2132,False,False,1.0,6.123233995736766e-17,1.0,6.123233995736766e-17,-0.7818314824680299,0.6234898018587334
0,0,0,15.3739,43.268079986438664,0.270604,943,0,2417,False,False,1.0,6.123233995736766e-17,1.0,6.123233995736766e-17,-0.7818314824680299,0.6234898018587334
0,0,1,13.0087,39.38907674522645,0.136926,926,0,2046,False,False,1.0,6.123233995736766e-17,1.0,6.123233995736766e-17,0.7818314824680298,0.6234898018587336
0,0,1,14.6087,75.0213807844422,0.203117,837,0,2192,True,False,1.0,6.123233995736766e-17,1.0,6.123233995736766e-17,0.43388373911755823,-0.900968867902419
0,0,1,16.6,52.8943400507021,0.209579,649,0,2744,False,False,1.0,6.123233995736766e-17,1.0,6.123233995736766e-17,-0.433883739117558,-0.9009688679024191
0,0,1,21.6,42.99099011831764,0.231017,799,0,3239,False,False,1.0,6.123233995736766e-17,1.0,6.123233995736766e-17,-0.9749279121818236,-0.2225209339563146
0,0,0,18.9,24.376006107703073,0.368167,1022,1,3117,False,False,1.0,6.123233995736766e-17,1.0,6.123233995736766e-17,-0.7818314824680299,0.6234898018587334
0,0,0,13.3,36.43119975834297,0.207721,870,0,2471,False,False,1.0,6.123233995736766e-17,1.0,6.123233995736766e-17,-0.7818314824680299,0.6234898018587334
0,0,1,17.2174,70.03389061450478,0.288783,817,0,2077,True,False,1.2246467991473532e-16,-1.0,1.0,6.123233995736766e-17,0.7818314824680298,0.6234898018587336
0,0,1,17.6667,55.65580697007201,0.22575,551,0,2703,False,False,1.2246467991473532e-16,-1.0,1.0,6.123233995736766e-17,0.9749279121818236,-0.22252093395631434
0,0,1,13.8783,83.05660459122872,0.234261,516,0,2121,True,False,1.2246467991473532e-16,-1.0,1.0,6.123233995736766e-17,0.43388373911755823,-0.900968867902419
0,0,1,11.4,78.75725066691479,0.2437869999999999,861,0,1865,True,False,1.2246467991473532e-16,-1.0,1.0,6.123233995736766e-17,-0.433883739117558,-0.9009688679024191
0,0,1,10.5667,39.13964488142109,0.230725,776,0,2210,False,False,1.2246467991473532e-16,-1.0,1.0,6.123233995736766e-17,-0.9749279121818236,-0.2225209339563146
0,0,1,10.5739,14.562767737766432,0.212204,870,0,2028,False,False,1.2246467991473532e-16,-1.0,1.0,6.123233995736766e-17,0.7818314824680298,0.6234898018587336
0,0,1,12.1,16.091350437111185,0.226996,829,0,2425,False,False,1.2246467991473532e-16,-1.0,1.0,6.123233995736766e-17,0.9749279121818236,-0.22252093395631434
0,0,1,12.0,63.51565098912417,0.258708,699,1,2227,True,False,1.2246467991473532e-16,-1.0,0.8660254037844387,-0.4999999999999998,-0.9749279121818236,-0.2225209339563146
0,0,0,12.6,59.373323153828224,0.197146,672,0,2252,True,False,1.2246467991473532e-16,-1.0,0.8660254037844387,-0.4999999999999998,-0.7818314824680299,0.6234898018587334
0,0,0,15.1333,37.22780126513065,0.182213,829,0,3249,False,False,1.2246467991473532e-16,-1.0,0.8660254037844387,-0.4999999999999998,-0.7818314824680299,0.6234898018587334
0,0,1,16.5667,57.88629118907751,0.388067,626,0,1795,True,False,1.2246467991473532e-16,-1.0,0.8660254037844387,-0.4999999999999998,0.9749279121818236,-0.22252093395631434
0,0,1,15.6333,36.059409903095016,0.263063,789,0,2808,False,False,1.2246467991473532e-16,-1.0,0.8660254037844387,-0.4999999999999998,0.43388373911755823,-0.900968867902419
0,0,1,17.5,52.8943400507021,0.1623119999999999,929,0,3141,False,False,1.2246467991473532e-16,-1.0,0.8660254037844387,-0.4999999999999998,-0.433883739117558,-0.9009688679024191
0,0,1,13.4333,82.63408715202854,0.226992,907,0,1471,True,False,1.2246467991473532e-16,-1.0,0.8660254037844387,-0.4999999999999998,-0.9749279121818236,-0.2225209339563146
0,0,0,13.7,87.89165709682725,0.1330829999999999,803,0,2455,True,False,1.2246467991473532e-16,-1.0,0.8660254037844387,-0.4999999999999998,-0.7818314824680299,0.6234898018587334
0,0,0,17.0667,85.34253227510666,0.146767,661,0,2895,True,False,1.2246467991473532e-16,-1.0,0.8660254037844387,-0.4999999999999998,-0.7818314824680299,0.6234898018587334
0,0,1,23.8261,67.42932232791178,0.324474,799,0,3348,True,False,1.2246467991473532e-16,-1.0,0.8660254037844387,-0.4999999999999998,0.7818314824680298,0.6234898018587336
0,0,1,20.1,70.26025289867357,0.274879,813,0,2034,True,False,1.2246467991473532e-16,-1.0,0.8660254037844387,-0.4999999999999998,0.9749279121818236,-0.22252093395631434
0,0,1,16.5,80.4567521855559,0.250617,694,1,2162,True,False,1.2246467991473532e-16,-1.0,0.8660254037844387,-0.4999999999999998,0.43388373911755823,-0.900968867902419
0,0,1,18.7,44.92832498282527,0.1107,726,0,3267,False,False,1.2246467991473532e-16,-1.0,0.8660254037844387,-0.4999999999999998,-0.433883739117558,-0.9009688679024191
0,0,0,17.2333,89.2723905565122,0.340808,577,0,795,False,True,1.2246467991473532e-16,-1.0,0.8660254037844387,-0.4999999999999998,-0.7818314824680299,0.6234898018587334
0,0,0,18.2667,37.174652012597775,0.303496,676,0,3744,False,False,1.2246467991473532e-16,-1.0,0.8660254037844387,-0.4999999999999998,-0.7818314824680299,0.6234898018587334
0,0,1,20.5,45.193816333007476,0.163567,637,0,3429,False,False,1.2246467991473532e-16,-1.0,0.8660254037844387,-0.4999999999999998,0.7818314824680298,0.6234898018587336
0,0,1,20.2333,60.91337691487071,0.157971,707,0,3204,True,False,1.2246467991473532e-16,-1.0,0.8660254037844387,-0.4999999999999998,0.9749279121818236,-0.22252093395631434
0,0,1,23.8,54.328222762919935,0.241925,750,1,3944,False,False,1.2246467991473532e-16,-1.0,0.8660254037844387,-0.4999999999999998,0.43388373911755823,-0.900968867902419
0,0,1,18.3667,27.934074533860663,0.325258,995,0,4189,False,False,1.2246467991473532e-16,-1.0,0.8660254037844387,-0.4999999999999998,-0.433883739117558,-0.9009688679024191
0,0,1,13.4667,69.03871228410507,0.219521,540,1,1683,True,False,1.2246467991473532e-16,-1.0,0.8660254037844387,-0.4999999999999998,-0.9749279121818236,-0.2225209339563146
0,0,0,23.2667,79.39453187234494,0.192175,697,0,4191,True,False,1.2246467991473532e-16,-1.0,0.8660254037844387,-0.4999999999999998,-0.7818314824680299,0.6234898018587334
0,0,1,24.2667,75.03986193939967,0.185333,757,0,4073,False,False,1.2246467991473532e-16,-1.0,0.8660254037844387,-0.4999999999999998,0.7818314824680298,0.6234898018587336
0,0,1,24.8,82.52791610320388,0.3122,849,1,3872,True,False,1.2246467991473532e-16,-1.0,0.8660254037844387,-0.4999999999999998,0.43388373911755823,-0.900968867902419
0,0,1,24.7,55.28988010191402,0.3209079999999999,763,0,4058,True,False,1.2246467991473532e-16,-1.0,0.8660254037844387,-0.4999999999999998,-0.433883739117558,-0.9009688679024191
0,0,1,20.4,34.306886588162115,0.240063,911,1,4595,False,False,1.2246467991473532e-16,-1.0,0.8660254037844387,-0.4999999999999998,-0.9749279121818236,-0.2225209339563146
0,0,1,21.9667,55.28988010191402,0.183454,504,0,4401,True,False,1.2246467991473532e-16,-1.0,0.49999999999999994,-0.8660254037844387,0.7818314824680298,0.6234898018587336
0,0,1,24.6667,64.89638444880912,0.342667,666,0,4451,True,False,1.2246467991473532e-16,-1.0,0.49999999999999994,-0.8660254037844387,0.9749279121818236,-0.22252093395631434
0,0,1,16.5667,69.99463409225028,0.328996,569,0,2633,True,False,1.2246467991473532e-16,-1.0,0.49999999999999994,-0.8660254037844387,0.43388373911755823,-0.900968867902419
0,0,1,18.3667,32.660661778294966,0.295392,789,0,4433,False,False,1.2246467991473532e-16,-1.0,0.49999999999999994,-0.8660254037844387,-0.433883739117558,-0.9009688679024191
0,0,1,19.1667,55.28988010191402,0.228246,695,0,4608,False,False,1.2246467991473532e-16,-1.0,0.49999999999999994,-0.8660254037844387,-0.9749279121818236,-0.2225209339563146
0,0,0,20.8,45.03449603164994,0.16045,1014,0,4714,False,False,1.2246467991473532e-16,-1.0,0.49999999999999994,-0.8660254037844387,-0.7818314824680299,0.6234898018587334
0,0,0,21.1333,56.55870698192544,0.0746375,991,0,4333,False,False,1.2246467991473532e-16,-1.0,0.49999999999999994,-0.8660254037844387,-0.7818314824680299,0.6234898018587334
0,0,1,21.3,51.08866748323632,0.176,838,0,4362,False,False,1.2246467991473532e-16,-1.0,0.49999999999999994,-0.8660254037844387,0.7818314824680298,0.6234898018587336
0,0,1,21.3,38.396192627166286,0.115671,473,0,4803,False,False,1.2246467991473532e-16,-1.0,0.49999999999999994,-0.8660254037844387,0.9749279121818236,-0.22252093395631434
0,0,1,21.7,56.71802728328298,0.120642,549,0,4182,False,False,1.2246467991473532e-16,-1.0,0.49999999999999994,-0.8660254037844387,0.43388373911755823,-0.900968867902419
0,0,1,21.4,55.28988010191402,0.189667,983,0,4864,False,False,1.2246467991473532e-16,-1.0,0.49999999999999994,-0.8660254037844387,-0.433883739117558,-0.9009688679024191
0,0,0,20.8333,93.62718794569855,0.13495,928,0,3409,True,False,1.2246467991473532e-16,-1.0,0.49999999999999994,-0.8660254037844387,-0.7818314824680299,0.6234898018587334
0,0,0,22.5,86.56394543343409,0.152979,1024,0,4553,True,False,1.2246467991473532e-16,-1.0,0.49999999999999994,-0.8660254037844387,-0.7818314824680299,0.6234898018587334
0,0,1,23.1,76.4737446516175,0.126871,470,0,3958,False,False,1.2246467991473532e-16,-1.0,0.49999999999999994,-0.8660254037844387,0.7818314824680298,0.6234898018587336
0,0,1,22.4667,82.84655670591896,0.277354,537,0,4123,True,False,1.2246467991473532e-16,-1.0,0.49999999999999994,-0.8660254037844387,0.9749279121818236,-0.22252093395631434
0,0,1,22.0,55.28988010191402,0.201492,832,0,3855,True,False,1.2246467991473532e-16,-1.0,0.49999999999999994,-0.8660254037844387,0.43388373911755823,-0.900968867902419
0,0,1,21.2333,81.78433639270798,0.108213,878,0,4575,True,False,1.2246467991473532e-16,-1.0,0.49999999999999994,-0.8660254037844387,-0.433883739117558,-0.9009688679024191
0,0,1,21.4667,67.76414987324478,0.125013,528,0,4917,False,False,1.2246467991473532e-16,-1.0,0.49999999999999994,-0.8660254037844387,-0.9749279121818236,-0.2225209339563146
0,0,0,24.1667,71.58783710582566,0.148008,703,0,4660,False,False,1.2246467991473532e-16,-1.0,0.49999999999999994,-0.8660254037844387,-0.7818314824680299,0.6234898018587334
0,0,1,25.2667,79.28836082352028,0.233842,545,0,4274,True,False,1.2246467991473532e-16,-1.0,0.49999999999999994,-0.8660254037844387,0.7818314824680298,0.6234898018587336
0,0,1,26.4,70.4725949963229,0.207092,829,0,4492,True,False,1.2246467991473532e-16,-1.0,0.49999999999999994,-0.8660254037844387,0.9749279121818236,-0.22252093395631434
0,0,1,26.4333,64.79021339998445,0.1542329999999999,702,0,4978,False,False,1.2246467991473532e-16,-1.0,0.49999999999999994,-0.8660254037844387,0.43388373911755823,-0.900968867902419
0,0,1,28.3333,62.40040887962141,0.199642,720,0,4677,False,False,1.2246467991473532e-16,-1.0,0.49999999999999994,-0.8660254037844387,-0.433883739117558,-0.9009688679024191
0,0,1,27.2667,59.373323153828224,0.240679,789,0,4679,False,False,1.2246467991473532e-16,-1.0,0.49999999999999994,-0.8660254037844387,-0.9749279121818236,-0.2225209339563146
0,0,0,26.2333,69.03871228410507,0.230092,712,0,4758,False,False,1.2246467991473532e-16,-1.0,0.49999999999999994,-0.8660254037844387,-0.7818314824680299,0.6234898018587334
0,0,0,26.7,55.28988010191402,0.213938,667,1,4788,False,False,1.2246467991473532e-16,-1.0,0.49999999999999994,-0.8660254037844387,-0.7818314824680299,0.6234898018587334
0,1,0,29.3333,63.35633068776663,0.131225,483,0,4098,False,False,1.2246467991473532e-16,-1.0,0.49999999999999994,-0.8660254037844387,0.7818314824680298,0.6234898018587336
0,0,1,31.0,57.19598818735558,0.111329,843,0,3982,False,False,1.2246467991473532e-16,-1.0,0.49999999999999994,-0.8660254037844387,0.9749279121818236,-0.22252093395631434
0,0,1,30.5667,62.34725962708853,0.207092,694,0,3974,True,False,1.2246467991473532e-16,-1.0,1.2246467991473532e-16,-1.0,0.43388373911755823,-0.900968867902419
0,0,1,28.6,14.92295907507555,0.2922869999999999,740,1,4968,False,False,1.2246467991473532e-16,-1.0,1.2246467991473532e-16,-1.0,-0.433883739117558,-0.9009688679024191
0,0,1,24.8,21.18960008055235,0.253121,991,0,5312,False,False,1.2246467991473532e-16,-1.0,1.2246467991473532e-16,-1.0,-0.9749279121818236,-0.2225209339563146
0,0,0,25.9333,59.214002852470685,0.138692,495,0,4906,True,False,1.2246467991473532e-16,-1.0,1.2246467991473532e-16,-1.0,-0.7818314824680299,0.6234898018587334
0,0,1,27.1333,52.52255019545416,0.121896,912,0,4548,False,False,1.2246467991473532e-16,-1.0,1.2246467991473532e-16,-1.0,0.7818314824680298,0.6234898018587336
0,0,1,28.3,52.257058845271956,0.187808,464,1,4833,False,False,1.2246467991473532e-16,-1.0,1.2246467991473532e-16,-1.0,0.9749279121818236,-0.22252093395631434
0,0,1,32.3333,48.48639340898286,0.149883,906,0,3915,True,False,1.2246467991473532e-16,-1.0,1.2246467991473532e-16,-1.0,-0.433883739117558,-0.9009688679024191
0,0,1,30.2,53.1598314008843,0.1405539999999999,840,0,4586,False,False,1.2246467991473532e-16,-1.0,1.2246467991473532e-16,-1.0,-0.9749279121818236,-0.2225209339563146
0,0,0,29.0,59.47949420265289,0.15485,841,0,4966,False,False,1.2246467991473532e-16,-1.0,1.2246467991473532e-16,-1.0,-0.7818314824680299,0.6234898018587334
0,0,0,27.7,71.37549500817633,0.163567,495,0,4460,False,False,1.2246467991473532e-16,-1.0,1.2246467991473532e-16,-1.0,-0.7818314824680299,0.6234898018587334
0,0,1,25.4,39.086495628888215,0.30535,706,0,5020,False,False,1.2246467991473532e-16,-1.0,1.2246467991473532e-16,-1.0,0.7818314824680298,0.6234898018587336
0,0,1,24.1667,40.67969864246358,0.269283,858,0,4891,False,False,1.2246467991473532e-16,-1.0,1.2246467991473532e-16,-1.0,0.9749279121818236,-0.22252093395631434
0,0,1,25.0667,36.16570840816077,0.1679119999999999,749,0,5180,False,False,1.2246467991473532e-16,-1.0,1.2246467991473532e-16,-1.0,0.43388373911755823,-0.900968867902419
0,0,1,25.1333,63.78114233930637,0.206471,462,0,3767,True,False,1.2246467991473532e-16,-1.0,1.2246467991473532e-16,-1.0,-0.433883739117558,-0.9009688679024191
0,0,1,25.9667,69.83531379089276,0.143029,659,1,4844,False,False,1.2246467991473532e-16,-1.0,1.2246467991473532e-16,-1.0,-0.9749279121818236,-0.2225209339563146
0,0,0,27.8667,61.497636324009065,0.1194079999999999,617,0,5119,False,False,1.2246467991473532e-16,-1.0,1.2246467991473532e-16,-1.0,-0.7818314824680299,0.6234898018587334
0,0,0,27.9667,61.01967541993646,0.102,1019,0,4744,True,False,1.2246467991473532e-16,-1.0,1.2246467991473532e-16,-1.0,-0.7818314824680299,0.6234898018587334
0,0,1,25.4,71.16302545428591,0.155475,1018,0,4010,True,False,1.2246467991473532e-16,-1.0,1.2246467991473532e-16,-1.0,0.7818314824680298,0.6234898018587336
0,0,1,27.2333,74.24326043261199,0.171025,474,0,4835,True,False,-1.0,-1.8369701987210297e-16,1.2246467991473532e-16,-1.0,0.9749279121818236,-0.22252093395631434
0,0,1,29.1333,65.6929859555968,0.238804,925,0,4790,True,False,-1.0,-1.8369701987210297e-16,1.2246467991473532e-16,-1.0,-0.433883739117558,-0.9009688679024191
0,0,1,28.9667,49.12367461441302,0.222025,779,0,4991,False,False,-1.0,-1.8369701987210297e-16,1.2246467991473532e-16,-1.0,-0.9749279121818236,-0.2225209339563146
0,0,0,27.8,37.65261291667039,0.209571,465,0,5202,False,False,-1.0,-1.8369701987210297e-16,1.2246467991473532e-16,-1.0,-0.7818314824680299,0.6234898018587334
0,0,0,27.2,41.47630014925126,0.0945333,976,0,5305,False,False,-1.0,-1.8369701987210297e-16,1.2246467991473532e-16,-1.0,-0.7818314824680299,0.6234898018587334
0,0,1,27.3,59.95745510672549,0.107588,819,0,4708,True,False,-1.0,-1.8369701987210297e-16,1.2246467991473532e-16,-1.0,0.7818314824680298,0.6234898018587336
0,0,1,29.7667,56.87734758464052,0.144283,997,0,4648,False,False,-1.0,-1.8369701987210297e-16,1.2246467991473532e-16,-1.0,0.9749279121818236,-0.22252093395631434
0,0,1,28.9,26.55334107417571,0.1026079999999999,795,0,5362,False,False,-1.0,-1.8369701987210297e-16,-0.4999999999999997,-0.8660254037844388,-0.9749279121818236,-0.2225209339563146
0,0,0,28.6667,63.03769008505155,0.228858,722,0,4649,True,False,-1.0,-1.8369701987210297e-16,-0.4999999999999997,-0.8660254037844388,-0.7818314824680299,0.6234898018587334
0,1,0,29.0667,57.35530848871312,0.0814791999999999,749,0,6043,True,False,-1.0,-1.8369701987210297e-16,-0.4999999999999997,-0.8660254037844388,0.7818314824680298,0.6234898018587336
0,0,1,29.8667,51.301137037126736,0.1262579999999999,874,0,4665,False,False,-1.0,-1.8369701987210297e-16,-0.4999999999999997,-0.8660254037844388,0.9749279121818236,-0.22252093395631434
0,0,1,28.8,70.79123559903796,0.149883,780,0,4629,False,False,-1.0,-1.8369701987210297e-16,-0.4999999999999997,-0.8660254037844388,0.43388373911755823,-0.900968867902419
0,0,1,30.0,55.28988010191402,0.1592,723,0,4592,False,False,-1.0,-1.8369701987210297e-16,-0.4999999999999997,-0.8660254037844388,-0.433883739117558,-0.9009688679024191
0,0,1,28.3667,72.65005741903661,0.225129,1015,0,4040,True,False,-1.0,-1.8369701987210297e-16,-0.4999999999999997,-0.8660254037844388,-0.9749279121818236,-0.2225209339563146
0,0,0,29.3333,53.69094155748978,0.1679119999999999,755,0,5336,False,False,-1.0,-1.8369701987210297e-16,-0.4999999999999997,-0.8660254037844388,-0.7818314824680299,0.6234898018587334
0,0,0,29.9,49.76095581984316,0.183471,492,0,4881,False,False,-1.0,-1.8369701987210297e-16,-0.4999999999999997,-0.8660254037844388,-0.7818314824680299,0.6234898018587334
0,0,1,30.5,57.08968968228983,0.282337,730,0,4086,False,False,-1.0,-1.8369701987210297e-16,-0.4999999999999997,-0.8660254037844388,0.7818314824680298,0.6234898018587336
0,0,1,31.7667,47.31812950318833,0.200254,670,0,4258,False,False,-1.0,-1.8369701987210297e-16,-0.4999999999999997,-0.8660254037844388,0.9749279121818236,-0.22252093395631434
0,0,1,27.2333,36.74984036105805,0.240667,711,1,5084,False,False,-1.0,-1.8369701987210297e-16,-0.4999999999999997,-0.8660254037844388,-0.433883739117558,-0.9009688679024191
0,0,1,29.8667,59.054682551113146,0.215804,840,0,4458,False,False,-1.0,-1.8369701987210297e-16,-0.4999999999999997,-0.8660254037844388,0.7818314824680298,0.6234898018587336
0,0,1,32.6,64.15293219455431,0.222021,788,0,3784,True,False,-1.0,-1.8369701987210297e-16,-0.4999999999999997,-0.8660254037844388,-0.433883739117558,-0.9009688679024191
0,0,0,33.9667,39.77692608685123,0.131221,944,0,3285,False,False,-1.0,-1.8369701987210297e-16,-0.4999999999999997,-0.8660254037844388,-0.7818314824680299,0.6234898018587334
0,0,0,33.2,46.25590918997736,0.169171,561,0,3606,False,False,-1.0,-1.8369701987210297e-16,-0.4999999999999997,-0.8660254037844388,-0.7818314824680299,0.6234898018587334
0,0,1,29.7333,72.54375891397086,0.0908083,474,0,3840,False,False,-1.0,-1.8369701987210297e-16,-0.4999999999999997,-0.8660254037844388,0.7818314824680298,0.6234898018587336
0,0,1,30.8667,44.98134677911706,0.200258,692,0,4590,False,False,-1.0,-1.8369701987210297e-16,-0.4999999999999997,-0.8660254037844388,0.9749279121818236,-0.22252093395631434
0,0,1,31.0,27.403091833496266,0.183463,654,0,4656,False,False,-1.0,-1.8369701987210297e-16,-0.4999999999999997,-0.8660254037844388,0.43388373911755823,-0.900968867902419
0,0,0,32.1667,35.422128697664874,0.168537,637,0,4475,False,False,-1.0,-1.8369701987210297e-16,-0.4999999999999997,-0.8660254037844388,-0.7818314824680299,0.6234898018587334
0,0,0,32.2333,37.333972313955314,0.164813,724,0,4302,False,False,-1.0,-1.8369701987210297e-16,-0.4999999999999997,-0.8660254037844388,-0.7818314824680299,0.6234898018587334
0,0,1,30.8667,55.28988010191402,0.156717,533,0,4266,False,False,-1.0,-1.8369701987210297e-16,-0.8660254037844385,-0.5000000000000004,0.7818314824680298,0.6234898018587336
0,0,1,31.3333,38.661683977348474,0.20585,617,0,4845,False,False,-1.0,-1.8369701987210297e-16,-0.8660254037844385,-0.5000000000000004,0.9749279121818236,-0.22252093395631434
0,0,1,29.2667,59.85128405790083,0.1355829999999999,934,0,3574,True,False,-1.0,-1.8369701987210297e-16,-0.8660254037844385,-0.5000000000000004,0.43388373911755823,-0.900968867902419
0,0,1,28.4,72.59690816650374,0.19715,939,1,4576,True,False,-1.0,-1.8369701987210297e-16,-0.8660254037844385,-0.5000000000000004,-0.433883739117558,-0.9009688679024191
0,0,1,28.4333,56.45240847685969,0.184696,747,0,4866,False,False,-1.0,-1.8369701987210297e-16,-0.8660254037844385,-0.5000000000000004,-0.9749279121818236,-0.2225209339563146
0,0,0,28.6667,55.28988010191402,0.22825,711,0,4294,True,False,-1.0,-1.8369701987210297e-16,-0.8660254037844385,-0.5000000000000004,-0.7818314824680299,0.6234898018587334
0,0,0,29.7,72.01277621360647,0.201487,769,0,3785,False,False,-1.0,-1.8369701987210297e-16,-0.8660254037844385,-0.5000000000000004,-0.7818314824680299,0.6234898018587334
0,0,1,31.0,48.752012215406154,0.151121,464,0,4602,False,False,-1.0,-1.8369701987210297e-16,-0.8660254037844385,-0.5000000000000004,0.9749279121818236,-0.22252093395631434
0,0,1,30.6667,30.111536956574387,0.200258,709,0,4780,False,False,-1.0,-1.8369701987210297e-16,-0.8660254037844385,-0.5000000000000004,0.43388373911755823,-0.900968867902419
0,0,1,28.7,30.05838770404151,0.164796,980,0,4792,False,False,-1.0,-1.8369701987210297e-16,-0.8660254037844385,-0.5000000000000004,-0.433883739117558,-0.9009688679024191
0,0,0,27.4333,69.03871228410507,0.211454,935,0,4150,True,False,-1.0,-1.8369701987210297e-16,-0.8660254037844385,-0.5000000000000004,-0.7818314824680299,0.6234898018587334
0,0,0,27.0667,80.2442826316655,0.222633,959,0,3820,True,False,-1.0,-1.8369701987210297e-16,-0.8660254037844385,-0.5000000000000004,-0.7818314824680299,0.6234898018587334
0,0,1,26.6333,66.80822806509956,0.208954,815,0,4338,False,False,-1.0,-1.8369701987210297e-16,-0.8660254037844385,-0.5000000000000004,0.7818314824680298,0.6234898018587336
0,0,1,28.0333,49.76095581984316,0.2363289999999999,1019,0,4725,False,False,-1.0,-1.8369701987210297e-16,-0.8660254037844385,-0.5000000000000004,0.9749279121818236,-0.22252093395631434
0,0,1,28.9333,49.389293420836296,0.143667,905,0,4694,False,False,-1.0,-1.8369701987210297e-16,-0.8660254037844385,-0.5000000000000004,0.43388373911755823,-0.900968867902419
0,0,1,28.4667,59.47949420265289,0.233208,846,0,3805,False,False,-1.0,-1.8369701987210297e-16,-0.8660254037844385,-0.5000000000000004,-0.433883739117558,-0.9009688679024191
0,0,1,27.4,68.1890889810256,0.139308,687,0,4153,True,False,-1.0,-1.8369701987210297e-16,-0.8660254037844385,-0.5000000000000004,-0.9749279121818236,-0.2225209339563146
0,0,0,27.9,61.97559722808168,0.104467,675,0,5191,False,False,-1.0,-1.8369701987210297e-16,-0.8660254037844385,-0.5000000000000004,-0.7818314824680299,0.6234898018587334
0,0,1,27.6667,35.95323885427037,0.27675,990,0,4758,False,False,-1.0,-1.8369701987210297e-16,-0.8660254037844385,-0.5000000000000004,0.7818314824680298,0.6234898018587336
0,0,1,25.6333,34.0945444905128,0.146763,982,0,5895,False,False,-1.0,-1.8369701987210297e-16,-0.8660254037844385,-0.5000000000000004,0.9749279121818236,-0.22252093395631434
0,0,1,27.3667,74.40258073396951,0.210833,786,0,3542,True,False,-1.0,-1.8369701987210297e-16,-0.8660254037844385,-0.5000000000000004,-0.433883739117558,-0.9009688679024191
0,0,1,28.0,73.07486907057636,0.0839625,875,0,4661,False,False,-1.0,-1.8369701987210297e-16,-0.8660254037844385,-0.5000000000000004,-0.9749279121818236,-0.2225209339563146
0,0,0,28.2824,47.649260817529836,0.304659,615,0,4334,False,False,-1.0,-1.8369701987210297e-16,-0.8660254037844385,-0.5000000000000004,-0.7818314824680299,0.6234898018587334
0,0,1,25.4667,46.73387009404996,0.159825,587,0,4634,False,False,-1.0,-1.8369701987210297e-16,-0.8660254037844385,-0.5000000000000004,0.7818314824680298,0.6234898018587336
0,0,1,25.5667,45.93726858726228,0.1250079999999999,576,1,5204,False,False,-1.0,-1.8369701987210297e-16,-0.8660254037844385,-0.5000000000000004,0.9749279121818236,-0.22252093395631434
0,0,1,26.2667,52.257058845271956,0.0833333,628,0,5058,False,False,-1.0,-1.8369701987210297e-16,-0.8660254037844385,-0.5000000000000004,0.43388373911755823,-0.900968867902419
0,0,1,25.7333,55.28988010191402,0.139929,908,0,4727,True,False,-1.0,-1.8369701987210297e-16,-1.0,-1.8369701987210297e-16,-0.9749279121818236,-0.2225209339563146
0,0,0,28.3667,70.63191529768044,0.206467,606,0,4940,False,False,-1.0,-1.8369701987210297e-16,-1.0,-1.8369701987210297e-16,-0.7818314824680299,0.6234898018587334
0,1,0,26.9333,76.79238525433257,0.212696,887,1,3351,True,False,-1.0,-1.8369701987210297e-16,-1.0,-1.8369701987210297e-16,0.7818314824680298,0.6234898018587336
0,0,1,21.6,89.09701076877784,0.343943,763,0,2710,False,True,-1.0,-1.8369701987210297e-16,-1.0,-1.8369701987210297e-16,0.9749279121818236,-0.22252093395631434
0,0,1,23.9667,92.93675748773555,0.0970208,892,0,1996,False,True,-1.0,-1.8369701987210297e-16,-1.0,-1.8369701987210297e-16,0.43388373911755823,-0.900968867902419
0,0,1,25.3565,95.80222869983164,0.192748,684,1,1842,False,True,-1.0,-1.8369701987210297e-16,-1.0,-1.8369701987210297e-16,0.43388373911755823,-0.900968867902419
0,0,1,26.0,90.49393117108069,0.1243789999999999,1002,0,3544,True,False,-1.0,-1.8369701987210297e-16,-1.0,-1.8369701987210297e-16,-0.9749279121818236,-0.2225209339563146
0,0,0,26.4,72.11894726243113,0.153608,560,0,5345,False,False,-1.0,-1.8369701987210297e-16,-1.0,-1.8369701987210297e-16,-0.7818314824680299,0.6234898018587334
0,0,0,26.1333,67.02069761898997,0.1150539999999999,1005,0,5046,False,False,-1.0,-1.8369701987210297e-16,-1.0,-1.8369701987210297e-16,-0.7818314824680299,0.6234898018587334
0,0,1,25.7739,64.2707017613178,0.088913,532,0,4713,False,False,-1.0,-1.8369701987210297e-16,-1.0,-1.8369701987210297e-16,0.7818314824680298,0.6234898018587336
0,0,1,26.0333,66.86137731763243,0.1418039999999999,652,1,4763,False,False,-1.0,-1.8369701987210297e-16,-1.0,-1.8369701987210297e-16,0.9749279121818236,-0.22252093395631434
0,0,1,26.9333,64.89638444880912,0.1673,761,0,4785,False,False,-1.0,-1.8369701987210297e-16,-1.0,-1.8369701987210297e-16,0.43388373911755823,-0.900968867902419
0,0,1,23.1,66.4365656660927,0.271146,501,0,3659,True,False,-1.0,-1.8369701987210297e-16,-1.0,-1.8369701987210297e-16,-0.433883739117558,-0.9009688679024191
0,0,1,18.7667,51.301137037126736,0.164183,467,0,4760,True,False,-1.0,-1.8369701987210297e-16,-1.0,-1.8369701987210297e-16,-0.9749279121818236,-0.2225209339563146
0,0,0,19.6667,67.60482957188724,0.189675,939,1,4511,True,False,-1.0,-1.8369701987210297e-16,-1.0,-1.8369701987210297e-16,-0.7818314824680299,0.6234898018587334
0,0,0,20.3,64.63089309862693,0.178483,750,1,4274,False,False,-1.0,-1.8369701987210297e-16,-1.0,-1.8369701987210297e-16,-0.7818314824680299,0.6234898018587334
0,0,1,21.9667,63.99361189319677,0.151742,912,0,4539,True,False,-1.0,-1.8369701987210297e-16,-1.0,-1.8369701987210297e-16,0.7818314824680298,0.6234898018587336
0,0,1,22.4667,88.36961800089985,0.134954,736,0,3641,True,False,-1.0,-1.8369701987210297e-16,-1.0,-1.8369701987210297e-16,0.9749279121818236,-0.22252093395631434
0,0,1,23.8,90.75942252126289,0.0964042,1000,0,4352,True,False,-1.0,-1.8369701987210297e-16,-1.0,-1.8369701987210297e-16,0.43388373911755823,-0.900968867902419
0,0,1,25.1333,91.02491387144511,0.128125,919,0,4795,True,False,-1.0,-1.8369701987210297e-16,-1.0,-1.8369701987210297e-16,-0.433883739117558,-0.9009688679024191
0,0,1,24.3667,100.00000000000001,0.0783667,612,0,2395,True,False,-2.4492935982947064e-16,1.0,-1.0,-1.8369701987210297e-16,-0.9749279121818236,-0.2225209339563146
0,0,0,24.2667,85.9798134805368,0.0783833,968,0,5423,True,False,-2.4492935982947064e-16,1.0,-1.0,-1.8369701987210297e-16,-0.7818314824680299,0.6234898018587334
0,0,0,25.3667,83.7493292615313,0.0503792,1030,0,5010,True,False,-2.4492935982947064e-16,1.0,-1.0,-1.8369701987210297e-16,-0.7818314824680299,0.6234898018587334
0,0,1,25.9667,84.17414091307103,0.1107,495,1,4630,True,False,-2.4492935982947064e-16,1.0,-1.0,-1.8369701987210297e-16,0.7818314824680298,0.6234898018587336
0,0,1,25.4667,88.90072815750533,0.118171,903,1,4120,True,False,-2.4492935982947064e-16,1.0,-1.0,-1.8369701987210297e-16,0.9749279121818236,-0.22252093395631434
0,0,1,24.6667,65.1620032552324,0.1728829999999999,920,0,4839,False,False,-2.4492935982947064e-16,1.0,-1.0,-1.8369701987210297e-16,-0.433883739117558,-0.9009688679024191
0,0,0,16.4,72.11894726243113,0.292296,628,0,2429,True,False,-2.4492935982947064e-16,1.0,-0.8660254037844386,0.5000000000000001,-0.7818314824680299,0.6234898018587334
0,0,0,14.2667,76.9517055556901,0.222013,485,0,2918,True,False,-2.4492935982947064e-16,1.0,-0.8660254037844386,0.5000000000000001,-0.7818314824680299,0.6234898018587334
0,0,1,19.3667,66.54273671491735,0.205854,819,0,4456,False,False,-2.4492935982947064e-16,1.0,-0.8660254037844386,0.5000000000000001,0.9749279121818236,-0.22252093395631434
0,0,1,21.5333,58.62987089957342,0.17725,935,0,4826,False,False,-2.4492935982947064e-16,1.0,-0.8660254037844386,0.5000000000000001,0.43388373911755823,-0.900968867902419
0,0,1,19.7667,55.177846065999404,0.134954,1017,0,4765,False,False,-2.4492935982947064e-16,1.0,-0.8660254037844386,0.5000000000000001,-0.433883739117558,-0.9009688679024191
0,0,1,20.4333,63.250159638941966,0.0223917,991,0,4985,False,False,-2.4492935982947064e-16,1.0,-0.8660254037844386,0.5000000000000001,-0.9749279121818236,-0.2225209339563146
0,0,0,20.8667,55.28988010191402,0.0454042,746,1,5409,False,False,-2.4492935982947064e-16,1.0,-0.8660254037844386,0.5000000000000001,-0.7818314824680299,0.6234898018587334
0,0,0,21.6333,68.77322093392287,0.06345,581,0,5511,False,False,-2.4492935982947064e-16,1.0,-0.8660254037844386,0.5000000000000001,-0.7818314824680299,0.6234898018587334
0,0,1,22.6667,79.12904052216274,0.143042,800,0,4563,True,False,-2.4492935982947064e-16,1.0,-0.8660254037844386,0.5000000000000001,0.9749279121818236,-0.22252093395631434
0,0,1,23.5667,90.33461086972315,0.141787,929,0,2913,True,False,-2.4492935982947064e-16,1.0,-0.8660254037844386,0.5000000000000001,-0.433883739117558,-0.9009688679024191
0,0,0,20.2667,37.65261291667039,0.258083,1021,1,5217,False,False,-2.4492935982947064e-16,1.0,-0.8660254037844386,0.5000000000000001,-0.7818314824680299,0.6234898018587334
0,0,0,20.4667,38.07755202445121,0.281717,576,1,5041,False,False,-2.4492935982947064e-16,1.0,-0.8660254037844386,0.5000000000000001,-0.7818314824680299,0.6234898018587334
0,0,1,21.6696,90.1497993201484,0.243339,502,0,2424,False,True,-2.4492935982947064e-16,1.0,-0.8660254037844386,0.5000000000000001,0.43388373911755823,-0.900968867902419
0,0,1,19.0333,57.142838934822706,0.422275,751,1,4195,False,False,-2.4492935982947064e-16,1.0,-0.8660254037844386,0.5000000000000001,-0.433883739117558,-0.9009688679024191
0,0,1,17.1,49.22997311947876,0.221396,918,0,4304,False,False,-2.4492935982947064e-16,1.0,-0.8660254037844386,0.5000000000000001,-0.9749279121818236,-0.2225209339563146
0,0,0,16.9,56.24006637921036,0.0926666999999999,695,1,4308,False,False,-2.4492935982947064e-16,1.0,-0.8660254037844386,0.5000000000000001,-0.7818314824680299,0.6234898018587334
0,0,0,16.8667,70.52574424885577,0.0995125,607,0,4381,False,False,-2.4492935982947064e-16,1.0,-0.8660254037844386,0.5000000000000001,-0.7818314824680299,0.6234898018587334
0,0,1,18.5333,74.4556025302613,0.118792,645,0,4187,False,False,-2.4492935982947064e-16,1.0,-0.8660254037844386,0.5000000000000001,0.7818314824680298,0.6234898018587336
0,0,1,19.3667,67.87044837831053,0.148642,605,0,3894,True,False,-2.4492935982947064e-16,1.0,-0.8660254037844386,0.5000000000000001,0.43388373911755823,-0.900968867902419
0,0,1,18.8,79.66015067876822,0.197763,518,0,2659,True,False,-2.4492935982947064e-16,1.0,-0.8660254037844386,0.5000000000000001,-0.433883739117558,-0.9009688679024191
0,0,1,13.2333,50.71687762798838,0.229479,599,0,3747,True,False,-2.4492935982947064e-16,1.0,-0.8660254037844386,0.5000000000000001,-0.9749279121818236,-0.2225209339563146
0,0,0,10.1667,88.52893830225739,0.351371,936,0,627,False,True,-2.4492935982947064e-16,1.0,-0.8660254037844386,0.5000000000000001,-0.7818314824680299,0.6234898018587334
0,0,0,12.7667,55.549635921247344,0.176617,787,0,3331,False,False,-2.4492935982947064e-16,1.0,-0.8660254037844386,0.5000000000000001,-0.7818314824680299,0.6234898018587334
0,0,1,13.6,65.6929859555968,0.10635,720,0,3669,False,False,-2.4492935982947064e-16,1.0,-0.8660254037844386,0.5000000000000001,0.7818314824680298,0.6234898018587336
0,0,1,16.0333,63.19701038640909,0.135571,675,0,4068,False,False,-2.4492935982947064e-16,1.0,-0.5000000000000004,0.8660254037844384,0.9749279121818236,-0.22252093395631434
0,0,1,15.1,67.65797882442011,0.0820916999999999,810,1,4186,False,False,-2.4492935982947064e-16,1.0,-0.5000000000000004,0.8660254037844384,0.43388373911755823,-0.900968867902419
0,0,1,16.3333,55.28988010191402,0.136817,1021,0,3974,False,False,-2.4492935982947064e-16,1.0,-0.5000000000000004,0.8660254037844384,-0.433883739117558,-0.9009688679024191
0,0,1,16.1333,55.390315619889805,0.271779,769,0,4046,True,False,-2.4492935982947064e-16,1.0,-0.5000000000000004,0.8660254037844384,-0.9749279121818236,-0.2225209339563146
0,0,0,13.0667,42.21987985974717,0.1890619999999999,563,0,3926,False,False,-2.4492935982947064e-16,1.0,-0.5000000000000004,0.8660254037844384,-0.7818314824680299,0.6234898018587334
0,0,1,15.8,72.75622846786128,0.057225,606,0,4035,False,False,-2.4492935982947064e-16,1.0,-0.5000000000000004,0.8660254037844384,0.0,1.0
0,0,1,16.3333,68.02976867966807,0.0690375,686,0,4205,False,False,-2.4492935982947064e-16,1.0,-0.5000000000000004,0.8660254037844384,0.7818314824680298,0.6234898018587336
0,0,1,16.0,72.7030792153284,0.0621958,864,0,4109,False,False,-2.4492935982947064e-16,1.0,-0.5000000000000004,0.8660254037844384,0.9749279121818236,-0.22252093395631434
0,0,1,15.2,79.71317247506,0.189067,684,1,2933,True,False,-2.4492935982947064e-16,1.0,-0.5000000000000004,0.8660254037844384,0.43388373911755823,-0.900968867902419
0,1,0,12.9667,32.92615312847717,0.314675,617,0,3368,False,False,-2.4492935982947064e-16,1.0,-0.5000000000000004,0.8660254037844384,-0.433883739117558,-0.9009688679024191
0,0,0,14.2667,46.52152799640065,0.212062,598,0,4067,False,False,-2.4492935982947064e-16,1.0,-0.5000000000000004,0.8660254037844384,-0.9749279121818236,-0.2225209339563146
0,0,0,17.6333,34.466206889519654,0.281721,829,0,3717,False,False,-2.4492935982947064e-16,1.0,-0.5000000000000004,0.8660254037844384,-0.7818314824680299,0.6234898018587334
0,0,1,21.2,50.87619792934592,0.306596,608,0,4486,False,False,-2.4492935982947064e-16,1.0,-0.5000000000000004,0.8660254037844384,0.0,1.0
0,0,1,21.2,63.834291591839246,0.199633,852,0,4195,True,False,-2.4492935982947064e-16,1.0,-0.5000000000000004,0.8660254037844384,0.9749279121818236,-0.22252093395631434
0,0,1,13.6667,49.44231521712808,0.3053619999999999,532,0,3053,True,False,-2.4492935982947064e-16,1.0,-0.5000000000000004,0.8660254037844384,-0.433883739117558,-0.9009688679024191
0,0,1,10.9667,28.30586438910861,0.168533,673,0,3392,False,False,-2.4492935982947064e-16,1.0,-0.5000000000000004,0.8660254037844384,-0.9749279121818236,-0.2225209339563146
0,0,0,13.1667,40.042417437033436,0.224496,1003,0,3663,False,False,-2.4492935982947064e-16,1.0,-0.5000000000000004,0.8660254037844384,-0.7818314824680299,0.6234898018587334
0,0,0,18.5333,63.30318143523375,0.18595,1032,1,3520,True,False,-2.4492935982947064e-16,1.0,-0.5000000000000004,0.8660254037844384,-0.7818314824680299,0.6234898018587334
0,0,1,17.9,92.03398493212319,0.138054,865,0,2765,False,True,-2.4492935982947064e-16,1.0,-0.5000000000000004,0.8660254037844384,0.7818314824680298,0.6234898018587336
0,0,1,16.6667,98.72543758913972,0.118792,525,0,1607,False,True,-2.4492935982947064e-16,1.0,-0.5000000000000004,0.8660254037844384,0.9749279121818236,-0.22252093395631434
0,0,1,17.6333,72.65005741903661,0.335825,587,0,2566,True,False,-2.4492935982947064e-16,1.0,-0.5000000000000004,0.8660254037844384,0.43388373911755823,-0.900968867902419
0,1,0,14.9333,46.04356709232803,0.167304,785,0,1495,False,False,-2.4492935982947064e-16,1.0,-0.5000000000000004,0.8660254037844384,-0.433883739117558,-0.9009688679024191
0,0,1,15.0,58.098760742967926,0.0988958,931,0,2792,False,False,-2.4492935982947064e-16,1.0,-0.5000000000000004,0.8660254037844384,-0.9749279121818236,-0.2225209339563146
0,0,0,15.0333,62.9315190362269,0.0684208,602,0,3068,False,False,-2.4492935982947064e-16,1.0,-0.5000000000000004,0.8660254037844384,-0.7818314824680299,0.6234898018587334
0,0,0,18.3667,65.05570475016665,0.208954,646,0,3071,False,False,-2.4492935982947064e-16,1.0,-0.5000000000000004,0.8660254037844384,-0.7818314824680299,0.6234898018587334
0,0,1,20.1391,70.75427328912302,0.142122,637,0,3867,False,False,-2.4492935982947064e-16,1.0,-0.5000000000000004,0.8660254037844384,0.7818314824680298,0.6234898018587336
0,0,1,18.3333,81.94365669406552,0.258092,767,0,2914,True,False,-2.4492935982947064e-16,1.0,-0.5000000000000004,0.8660254037844384,0.9749279121818236,-0.22252093395631434
0,0,1,13.0,54.221924257854184,0.271158,832,1,3613,False,False,-2.4492935982947064e-16,1.0,-0.5000000000000004,0.8660254037844384,0.43388373911755823,-0.900968867902419
0,0,1,12.5667,55.815127271429546,0.100754,492,0,3940,False,False,-2.4492935982947064e-16,1.0,-2.4492935982947064e-16,1.0,-0.9749279121818236,-0.2225209339563146
0,0,0,11.9667,54.168902461562396,0.0957833,473,0,3614,False,False,-2.4492935982947064e-16,1.0,-2.4492935982947064e-16,1.0,-0.7818314824680299,0.6234898018587334
0,0,0,13.2333,74.93356343433392,0.0839583,998,1,3485,False,False,-2.4492935982947064e-16,1.0,-2.4492935982947064e-16,1.0,-0.7818314824680299,0.6234898018587334
0,0,1,15.4333,81.4656957899929,0.0622083,628,0,3811,True,False,-2.4492935982947064e-16,1.0,-2.4492935982947064e-16,1.0,0.7818314824680298,0.6234898018587336
0,0,1,18.5,97.07908532303149,0.2325829999999999,459,0,2594,False,True,-2.4492935982947064e-16,1.0,-2.4492935982947064e-16,1.0,0.9749279121818236,-0.22252093395631434
0,0,1,16.4,55.28988010191402,0.266175,586,1,705,False,True,-2.4492935982947064e-16,1.0,-2.4492935982947064e-16,1.0,0.43388373911755823,-0.900968867902419
0,0,1,10.6333,49.973425373733576,0.240058,573,0,3322,False,False,-2.4492935982947064e-16,1.0,-2.4492935982947064e-16,1.0,-0.433883739117558,-0.9009688679024191
0,0,1,11.6333,64.73706414745158,0.0827166999999999,875,0,3620,False,False,-2.4492935982947064e-16,1.0,-2.4492935982947064e-16,1.0,-0.9749279121818236,-0.2225209339563146
0,0,0,11.0,40.73284789499645,0.233221,657,0,3190,False,False,-2.4492935982947064e-16,1.0,-2.4492935982947064e-16,1.0,-0.7818314824680299,0.6234898018587334
0,0,0,8.8333,55.28988010191402,0.0665417,695,0,2743,False,False,-2.4492935982947064e-16,1.0,-2.4492935982947064e-16,1.0,-0.7818314824680299,0.6234898018587334
0,0,1,12.7,60.64788556468851,0.0609583,781,1,3740,True,False,-2.4492935982947064e-16,1.0,-2.4492935982947064e-16,1.0,0.9749279121818236,-0.22252093395631434
0,0,0,10.3333,47.53047160083764,0.243167,660,0,2739,True,False,-2.4492935982947064e-16,1.0,-2.4492935982947064e-16,1.0,-0.9749279121818236,-0.2225209339563146
0,0,1,11.0667,57.302159236180245,0.172896,703,0,3403,False,False,-2.4492935982947064e-16,1.0,-2.4492935982947064e-16,1.0,0.7818314824680298,0.6234898018587336
0,0,1,15.4333,51.93841824255688,0.0615708,867,1,3750,True,False,-2.4492935982947064e-16,1.0,-2.4492935982947064e-16,1.0,0.9749279121818236,-0.22252093395631434
0,0,1,17.1333,85.44870332393133,0.2214,942,0,2660,True,False,1.0,6.123233995736766e-17,-2.4492935982947064e-16,1.0,0.43388373911755823,-0.900968867902419
0,0,1,16.9333,72.59690816650374,0.047275,472,0,3068,True,False,1.0,6.123233995736766e-17,-2.4492935982947064e-16,1.0,-0.433883739117558,-0.9009688679024191
0,0,1,14.9333,63.51565098912417,0.274246,762,0,2209,False,False,1.0,6.123233995736766e-17,-2.4492935982947064e-16,1.0,-0.9749279121818236,-0.2225209339563146
0,0,0,12.1,45.193816333007476,0.190304,803,0,1011,False,False,1.0,6.123233995736766e-17,-2.4492935982947064e-16,1.0,-0.7818314824680299,0.6234898018587334
0,0,0,10.9913,62.88525242071266,0.155091,989,0,754,False,False,1.0,6.123233995736766e-17,-2.4492935982947064e-16,1.0,-0.7818314824680299,0.6234898018587334
0,1,0,12.8696,40.663639156086745,0.239465,465,0,1317,False,False,1.0,6.123233995736766e-17,-2.4492935982947064e-16,1.0,0.7818314824680298,0.6234898018587336
0,0,1,13.0,73.2341893719339,0.18845,517,0,1162,True,False,1.0,6.123233995736766e-17,-2.4492935982947064e-16,1.0,0.9749279121818236,-0.22252093395631434
0,0,1,11.9652,40.27566235822087,0.293961,840,0,2302,False,False,1.0,6.123233995736766e-17,-2.4492935982947064e-16,1.0,0.43388373911755823,-0.900968867902419
0,0,1,9.9333,49.22997311947876,0.1194119999999999,728,0,2423,False,False,1.0,6.123233995736766e-17,-2.4492935982947064e-16,1.0,-0.433883739117558,-0.9009688679024191
0,0,1,12.4667,57.19598818735558,0.1343369999999999,918,0,2999,False,False,1.0,6.123233995736766e-17,-2.4492935982947064e-16,1.0,-0.9749279121818236,-0.2225209339563146
1,1,0,10.9217,24.648380094903917,0.329665,989,0,1951,False,False,1.0,6.123233995736766e-17,0.49999999999999994,0.8660254037844387,0.7818314824680298,0.6234898018587336
1,0,1,6.0,32.288871923047026,0.365671,549,0,2236,False,False,1.0,6.123233995736766e-17,0.49999999999999994,0.8660254037844387,0.9749279121818236,-0.22252093395631434
1,0,1,4.3,28.889996342005883,0.1847,726,0,2368,True,False,1.0,6.123233995736766e-17,0.49999999999999994,0.8660254037844387,0.43388373911755823,-0.900968867902419
1,0,1,10.6333,42.85716106517731,0.129987,983,0,3272,False,False,1.0,6.123233995736766e-17,0.49999999999999994,0.8660254037844387,-0.433883739117558,-0.9009688679024191
1,0,1,13.3667,45.1406670804746,0.167908,559,0,4098,False,False,1.0,6.123233995736766e-17,0.49999999999999994,0.8660254037844387,-0.9749279121818236,-0.2225209339563146
1,0,0,15.7333,43.81308287332253,0.174758,827,0,4521,False,False,1.0,6.123233995736766e-17,0.49999999999999994,0.8660254037844387,-0.7818314824680299,0.6234898018587334
1,0,0,13.5,35.31595764884021,0.191542,969,0,3425,False,False,1.0,6.123233995736766e-17,0.49999999999999994,0.8660254037844387,-0.7818314824680299,0.6234898018587334
1,0,1,8.9667,65.48064385794748,0.0989,644,0,2376,True,False,1.0,6.123233995736766e-17,0.49999999999999994,0.8660254037844387,0.7818314824680298,0.6234898018587336
1,0,1,12.3478,58.45206944325841,0.187552,598,0,3598,False,False,1.0,6.123233995736766e-17,0.49999999999999994,0.8660254037844387,0.9749279121818236,-0.22252093395631434
1,0,1,10.9667,84.06796986424636,0.131221,715,0,2177,True,False,1.0,6.123233995736766e-17,0.49999999999999994,0.8660254037844387,0.43388373911755823,-0.900968867902419
1,0,1,15.3,78.38558826790793,0.180967,520,0,4097,True,False,1.0,6.123233995736766e-17,0.49999999999999994,0.8660254037844387,-0.433883739117558,-0.9009688679024191
1,0,1,10.9667,40.73284789499645,0.378108,911,0,3214,False,False,1.0,6.123233995736766e-17,0.49999999999999994,0.8660254037844387,-0.9749279121818236,-0.2225209339563146
1,0,0,7.2,34.36003584069499,0.187183,944,0,2493,False,False,1.0,6.123233995736766e-17,0.49999999999999994,0.8660254037844387,-0.7818314824680299,0.6234898018587334
1,0,0,6.6667,29.474255751144245,0.251258,871,1,2311,False,False,1.0,6.123233995736766e-17,0.49999999999999994,0.8660254037844387,-0.7818314824680299,0.6234898018587334
1,1,0,7.6,42.644691511286894,0.2313579999999999,709,0,2298,False,False,1.0,6.123233995736766e-17,0.49999999999999994,0.8660254037844387,0.7818314824680298,0.6234898018587336
1,0,1,14.9217,67.31856285440801,0.34913,786,0,2935,True,False,1.0,6.123233995736766e-17,0.49999999999999994,0.8660254037844387,0.9749279121818236,-0.22252093395631434
1,0,1,12.1333,32.554363273229214,0.415429,553,0,3376,False,False,1.0,6.123233995736766e-17,0.49999999999999994,0.8660254037844387,0.43388373911755823,-0.900968867902419
1,0,1,7.6,39.458285484136155,0.220158,637,0,3292,False,False,1.0,6.123233995736766e-17,0.49999999999999994,0.8660254037844387,0.43388373911755823,-0.900968867902419
1,0,1,8.7,33.40411403254977,0.20275,584,0,3163,True,False,1.0,6.123233995736766e-17,0.49999999999999994,0.8660254037844387,-0.9749279121818236,-0.2225209339563146
1,0,0,6.9333,81.9968059465984,0.222642,798,0,1301,True,False,1.0,6.123233995736766e-17,0.49999999999999994,0.8660254037844387,-0.7818314824680299,0.6234898018587334
1,0,1,13.7,55.28988010191402,0.123767,866,0,4339,False,False,1.0,6.123233995736766e-17,0.49999999999999994,0.8660254037844387,0.9749279121818236,-0.22252093395631434
1,0,1,11.7667,58.098760742967926,0.161071,465,0,4270,False,False,1.0,6.123233995736766e-17,0.49999999999999994,0.8660254037844387,0.43388373911755823,-0.900968867902419
1,0,1,13.6667,74.13696192754624,0.0733958,784,1,4075,True,False,1.0,6.123233995736766e-17,0.49999999999999994,0.8660254037844387,-0.433883739117558,-0.9009688679024191
1,0,1,17.0,70.52574424885577,0.342667,977,0,3456,True,False,1.0,6.123233995736766e-17,0.49999999999999994,0.8660254037844387,-0.9749279121818236,-0.2225209339563146
1,0,0,12.6333,45.29998738183214,0.210829,479,0,4023,False,False,1.0,6.123233995736766e-17,0.49999999999999994,0.8660254037844387,-0.7818314824680299,0.6234898018587334
1,0,0,11.3,15.719560581863231,0.24005,836,0,3243,False,False,1.0,6.123233995736766e-17,0.49999999999999994,0.8660254037844387,-0.7818314824680299,0.6234898018587334
1,0,1,10.7667,27.137473027072982,0.215792,470,0,3624,False,False,1.0,6.123233995736766e-17,0.49999999999999994,0.8660254037844387,0.7818314824680298,0.6234898018587336
1,0,1,15.6,29.155615148429167,0.261817,963,0,4509,False,False,1.0,6.123233995736766e-17,0.49999999999999994,0.8660254037844387,0.9749279121818236,-0.22252093395631434
1,0,1,18.7667,40.78599714752933,0.189067,787,0,4579,False,False,1.0,6.123233995736766e-17,0.8660254037844386,0.5000000000000001,0.43388373911755823,-0.900968867902419
1,0,1,15.9667,55.28988010191402,0.187187,547,0,3761,True,False,1.0,6.123233995736766e-17,0.8660254037844386,0.5000000000000001,-0.433883739117558,-0.9009688679024191
1,0,1,12.5333,43.17580166789237,0.178496,860,0,4151,False,False,1.0,6.123233995736766e-17,0.8660254037844386,0.5000000000000001,-0.9749279121818236,-0.2225209339563146
1,0,0,10.5667,75.41152433840652,0.121896,953,1,2832,True,False,1.0,6.123233995736766e-17,0.8660254037844386,0.5000000000000001,-0.7818314824680299,0.6234898018587334
1,0,0,10.6333,63.72812054301458,0.175996,769,0,2947,True,False,1.0,6.123233995736766e-17,0.8660254037844386,0.5000000000000001,-0.7818314824680299,0.6234898018587334
1,0,1,11.3044,55.348764885295765,0.1538,750,0,3784,False,False,1.0,6.123233995736766e-17,0.8660254037844386,0.5000000000000001,0.7818314824680298,0.6234898018587336
1,0,1,14.1667,39.29896518277863,0.147379,821,0,4375,False,False,1.0,6.123233995736766e-17,0.8660254037844386,0.5000000000000001,0.9749279121818236,-0.22252093395631434
1,0,1,10.2667,68.1890889810256,0.133721,510,0,2802,True,False,1.0,6.123233995736766e-17,0.8660254037844386,0.5000000000000001,0.43388373911755823,-0.900968867902419
1,0,1,10.6,47.68979190219518,0.194037,1010,0,3830,False,False,1.0,6.123233995736766e-17,0.8660254037844386,0.5000000000000001,-0.433883739117558,-0.9009688679024191
1,0,1,11.2333,44.8751757302924,0.1169289999999999,764,0,3831,True,False,1.0,6.123233995736766e-17,0.8660254037844386,0.5000000000000001,-0.9749279121818236,-0.2225209339563146
1,0,0,5.1,35.262808396307335,0.4092119999999999,644,0,1529,False,False,1.0,6.123233995736766e-17,0.8660254037844386,0.5000000000000001,-0.7818314824680299,0.6234898018587334
1,0,1,12.7667,40.89216819635399,0.141179,921,1,3922,True,False,1.0,6.123233995736766e-17,0.8660254037844386,0.5000000000000001,0.9749279121818236,-0.22252093395631434
1,0,1,13.9333,43.75993362078965,0.1816,998,1,4169,False,False,1.0,6.123233995736766e-17,0.8660254037844386,0.5000000000000001,0.43388373911755823,-0.900968867902419
1,0,1,12.6667,72.01277621360647,0.091425,632,0,3005,True,False,1.0,6.123233995736766e-17,0.8660254037844386,0.5000000000000001,-0.433883739117558,-0.9009688679024191
1,0,1,13.7333,55.28988010191402,0.205846,877,1,4154,False,False,1.0,6.123233995736766e-17,0.8660254037844386,0.5000000000000001,-0.9749279121818236,-0.2225209339563146
1,0,0,13.8667,44.18474527232938,0.190929,900,0,4318,False,False,1.0,6.123233995736766e-17,0.8660254037844386,0.5000000000000001,-0.7818314824680299,0.6234898018587334
1,0,0,11.2,41.79494075196634,0.253112,838,0,2689,True,False,1.0,6.123233995736766e-17,0.8660254037844386,0.5000000000000001,-0.7818314824680299,0.6234898018587334
1,0,1,11.513,51.80216752083591,0.205717,587,0,3777,False,False,1.0,6.123233995736766e-17,0.8660254037844386,0.5000000000000001,0.9749279121818236,-0.22252093395631434
1,0,1,15.8333,48.433371612691076,0.234471,655,0,4773,False,False,1.0,6.123233995736766e-17,0.8660254037844386,0.5000000000000001,0.43388373911755823,-0.900968867902419
1,0,1,18.1667,46.73387009404996,0.190913,509,0,5062,False,False,1.0,6.123233995736766e-17,0.8660254037844386,0.5000000000000001,-0.433883739117558,-0.9009688679024191
1,0,1,16.3,70.04778334478316,0.237567,944,0,3487,True,False,1.0,6.123233995736766e-17,0.8660254037844386,0.5000000000000001,-0.9749279121818236,-0.2225209339563146
1,0,0,11.6333,26.500191821642833,0.421642,669,0,2732,False,False,1.0,6.123233995736766e-17,0.8660254037844386,0.5000000000000001,-0.7818314824680299,0.6234898018587334
1,0,1,14.6667,38.6085347248156,0.2680329999999999,490,0,4322,False,False,1.0,6.123233995736766e-17,0.8660254037844386,0.5000000000000001,0.7818314824680298,0.6234898018587336
1,0,1,14.3667,26.500191821642833,0.193417,595,0,4363,False,False,1.0,6.123233995736766e-17,0.8660254037844386,0.5000000000000001,0.9749279121818236,-0.22252093395631434
1,0,1,13.7739,78.62342161377445,0.179117,629,0,1834,True,False,1.0,6.123233995736766e-17,0.8660254037844386,0.5000000000000001,0.43388373911755823,-0.900968867902419
1,0,1,14.1333,59.79813480536795,0.144904,867,0,3194,True,False,1.0,6.123233995736766e-17,1.0,6.123233995736766e-17,-0.9749279121818236,-0.2225209339563146
1,0,0,16.5667,55.23099531853228,0.161079,642,0,4066,True,False,1.0,6.123233995736766e-17,1.0,6.123233995736766e-17,-0.7818314824680299,0.6234898018587334
1,0,0,13.0333,27.456113629788053,0.334571,569,0,3423,False,False,1.0,6.123233995736766e-17,1.0,6.123233995736766e-17,-0.7818314824680299,0.6234898018587334
1,0,1,9.7333,40.573527593638914,0.228858,1019,0,3333,False,False,1.0,6.123233995736766e-17,1.0,6.123233995736766e-17,0.7818314824680298,0.6234898018587336
1,0,1,16.1667,41.47630014925126,0.345779,490,0,4916,False,False,1.0,6.123233995736766e-17,1.0,6.123233995736766e-17,0.43388373911755823,-0.900968867902419
1,0,1,21.1,48.3802223601582,0.441563,870,0,5382,False,False,1.0,6.123233995736766e-17,1.0,6.123233995736766e-17,-0.433883739117558,-0.9009688679024191
1,0,1,16.4333,27.934074533860663,0.4148,576,0,4569,True,False,1.0,6.123233995736766e-17,1.0,6.123233995736766e-17,-0.9749279121818236,-0.2225209339563146
1,0,0,11.5,20.71163917647974,0.22575,994,1,4118,False,False,1.0,6.123233995736766e-17,1.0,6.123233995736766e-17,-0.7818314824680299,0.6234898018587334
1,0,1,18.6667,38.396192627166286,0.207713,497,0,5298,False,False,1.0,6.123233995736766e-17,1.0,6.123233995736766e-17,0.7818314824680298,0.6234898018587336
1,0,1,22.6,54.75303441445966,0.23695,889,0,5847,False,False,1.0,6.123233995736766e-17,1.0,6.123233995736766e-17,0.9749279121818236,-0.22252093395631434
1,0,1,22.9,40.67969864246358,0.1150619999999999,887,0,6312,False,False,1.0,6.123233995736766e-17,1.0,6.123233995736766e-17,0.43388373911755823,-0.900968867902419
1,0,1,22.3,49.9202761212007,0.149883,624,0,6192,False,False,1.0,6.123233995736766e-17,1.0,6.123233995736766e-17,-0.433883739117558,-0.9009688679024191
1,0,1,17.4333,83.37753940628335,0.113192,585,0,4378,True,False,1.0,6.123233995736766e-17,1.0,6.123233995736766e-17,-0.9749279121818236,-0.2225209339563146
1,0,0,20.5667,72.38443861261334,0.110704,773,1,7836,True,False,1.0,6.123233995736766e-17,1.0,6.123233995736766e-17,-0.9749279121818236,-0.2225209339563146
1,0,0,18.9,79.28836082352028,0.126883,1016,1,5892,True,False,1.0,6.123233995736766e-17,1.0,6.123233995736766e-17,-0.7818314824680299,0.6234898018587334
1,0,1,21.8,68.93254123528041,0.162317,773,0,6153,False,False,1.0,6.123233995736766e-17,1.0,6.123233995736766e-17,0.7818314824680298,0.6234898018587336
1,0,1,22.4333,79.02286947333808,0.121271,605,1,6093,False,False,1.0,6.123233995736766e-17,1.0,6.123233995736766e-17,0.9749279121818236,-0.22252093395631434
1,0,1,22.1667,81.9968059465984,0.1175619999999999,750,0,6871,False,False,1.2246467991473532e-16,-1.0,1.0,6.123233995736766e-17,-0.433883739117558,-0.9009688679024191
1,0,1,24.0667,64.52472204980226,0.1163,535,1,32043,True,False,1.2246467991473532e-16,-1.0,1.0,6.123233995736766e-17,-0.9749279121818236,-0.2225209339563146
1,0,0,20.1,88.90072815750533,0.1927829999999999,618,0,3372,True,False,1.2246467991473532e-16,-1.0,1.0,6.123233995736766e-17,-0.7818314824680299,0.6234898018587334
1,0,1,17.8333,36.96230991494845,0.386821,747,0,5558,False,False,1.2246467991473532e-16,-1.0,1.0,6.123233995736766e-17,0.7818314824680298,0.6234898018587336
1,0,1,19.7667,32.02338057286482,0.31965,956,0,6133,False,False,1.2246467991473532e-16,-1.0,1.0,6.123233995736766e-17,-0.433883739117558,-0.9009688679024191
1,0,1,14.8,50.079596422558225,0.138067,1016,0,5459,True,False,1.2246467991473532e-16,-1.0,1.0,6.123233995736766e-17,-0.9749279121818236,-0.2225209339563146
1,0,0,16.9667,70.15395439360782,0.250617,538,0,6235,True,False,1.2246467991473532e-16,-1.0,1.0,6.123233995736766e-17,-0.7818314824680299,0.6234898018587334
1,0,0,17.0333,62.24108857826387,0.172267,664,0,6041,True,False,1.2246467991473532e-16,-1.0,0.8660254037844387,-0.4999999999999998,-0.7818314824680299,0.6234898018587334
1,0,1,21.6667,35.90008960173749,0.180975,1010,1,6436,False,False,1.2246467991473532e-16,-1.0,0.8660254037844387,-0.4999999999999998,0.43388373911755823,-0.900968867902419
1,0,1,17.4,23.73872490227293,0.219529,518,1,6457,False,False,1.2246467991473532e-16,-1.0,0.8660254037844387,-0.4999999999999998,-0.433883739117558,-0.9009688679024191
1,0,1,16.1333,55.28988010191402,0.300388,603,0,6460,False,False,1.2246467991473532e-16,-1.0,0.8660254037844387,-0.4999999999999998,-0.9749279121818236,-0.2225209339563146
1,0,0,17.5,8.443975971949431,0.274871,875,0,6857,False,False,1.2246467991473532e-16,-1.0,0.8660254037844387,-0.4999999999999998,-0.7818314824680299,0.6234898018587334
1,0,0,20.0,11.20544289131934,0.232596,557,1,5169,False,False,1.2246467991473532e-16,-1.0,0.8660254037844387,-0.4999999999999998,-0.7818314824680299,0.6234898018587334
1,0,1,19.5667,16.516162088650912,0.358196,585,1,5585,False,False,1.2246467991473532e-16,-1.0,0.8660254037844387,-0.4999999999999998,0.7818314824680298,0.6234898018587336
1,0,1,13.9478,35.89779538939793,0.295274,767,0,4862,False,False,1.2246467991473532e-16,-1.0,0.8660254037844387,-0.4999999999999998,0.43388373911755823,-0.900968867902419
1,0,1,15.9,35.47527795019775,0.290429,765,0,5409,False,False,1.2246467991473532e-16,-1.0,0.8660254037844387,-0.4999999999999998,-0.433883739117558,-0.9009688679024191
1,0,1,17.7,28.093394835218202,0.155471,965,0,6398,False,False,1.2246467991473532e-16,-1.0,0.8660254037844387,-0.4999999999999998,-0.9749279121818236,-0.2225209339563146
1,0,0,19.8,40.14871594209919,0.190917,748,1,7460,False,False,1.2246467991473532e-16,-1.0,0.8660254037844387,-0.4999999999999998,-0.7818314824680299,0.6234898018587334
1,0,0,24.2667,40.78599714752933,0.225129,554,0,7132,False,False,1.2246467991473532e-16,-1.0,0.8660254037844387,-0.4999999999999998,-0.7818314824680299,0.6234898018587334
1,1,0,26.5667,47.636770105903395,0.284829,740,0,6370,False,False,1.2246467991473532e-16,-1.0,0.8660254037844387,-0.4999999999999998,0.7818314824680298,0.6234898018587336
1,0,1,24.3333,25.809888819920904,0.273629,633,0,6691,False,False,1.2246467991473532e-16,-1.0,0.8660254037844387,-0.4999999999999998,0.9749279121818236,-0.22252093395631434
1,0,1,19.9333,54.11575320902952,0.0659292,584,0,6565,False,False,1.2246467991473532e-16,-1.0,0.8660254037844387,-0.4999999999999998,-0.433883739117558,-0.9009688679024191
1,0,1,21.0667,64.57774384609405,0.149871,507,0,7290,False,False,1.2246467991473532e-16,-1.0,0.8660254037844387,-0.4999999999999998,-0.9749279121818236,-0.2225209339563146
1,0,0,22.8,63.09083933758443,0.283587,524,0,6624,False,False,1.2246467991473532e-16,-1.0,0.8660254037844387,-0.4999999999999998,-0.7818314824680299,0.6234898018587334
1,0,0,15.8667,82.52791610320388,0.344546,603,0,1027,False,True,1.2246467991473532e-16,-1.0,0.8660254037844387,-0.4999999999999998,-0.7818314824680299,0.6234898018587334
1,0,1,12.8667,73.76529952853937,0.303496,512,1,3214,True,False,1.2246467991473532e-16,-1.0,0.8660254037844387,-0.4999999999999998,0.7818314824680298,0.6234898018587336
1,0,1,16.5333,33.935224189155264,0.249383,621,1,5633,False,False,1.2246467991473532e-16,-1.0,0.8660254037844387,-0.4999999999999998,0.9749279121818236,-0.22252093395631434
1,0,1,19.0667,30.589497860646997,0.118792,636,0,6196,False,False,1.2246467991473532e-16,-1.0,0.8660254037844387,-0.4999999999999998,0.43388373911755823,-0.900968867902419
1,0,1,19.9333,55.28988010191402,0.176625,946,0,5026,True,False,1.2246467991473532e-16,-1.0,0.8660254037844387,-0.4999999999999998,-0.433883739117558,-0.9009688679024191
1,0,0,18.3333,50.87619792934592,0.116908,869,0,6304,False,False,1.2246467991473532e-16,-1.0,0.8660254037844387,-0.4999999999999998,-0.7818314824680299,0.6234898018587334
1,0,1,18.5667,48.69886296287328,0.171638,628,0,5572,True,False,1.2246467991473532e-16,-1.0,0.8660254037844387,-0.4999999999999998,0.7818314824680298,0.6234898018587336
1,0,1,22.5667,77.64200855741204,0.138058,813,0,6169,False,False,1.2246467991473532e-16,-1.0,0.49999999999999994,-0.8660254037844387,0.43388373911755823,-0.900968867902419
1,0,1,22.4,73.9776416261887,0.133696,908,1,6421,True,False,1.2246467991473532e-16,-1.0,0.49999999999999994,-0.8660254037844387,-0.433883739117558,-0.9009688679024191
1,0,1,25.1,69.78229199460097,0.162938,476,0,6296,False,False,1.2246467991473532e-16,-1.0,0.49999999999999994,-0.8660254037844387,-0.9749279121818236,-0.2225209339563146
1,0,0,24.8667,72.49073711767909,0.152992,1007,0,6883,True,False,1.2246467991473532e-16,-1.0,0.49999999999999994,-0.8660254037844387,-0.7818314824680299,0.6234898018587334
1,0,0,22.5,70.36642394749823,0.1498789999999999,527,0,6359,True,False,1.2246467991473532e-16,-1.0,0.49999999999999994,-0.8660254037844387,-0.7818314824680299,0.6234898018587334
1,0,1,21.5,60.701034817221384,0.230721,893,1,6273,True,False,1.2246467991473532e-16,-1.0,0.49999999999999994,-0.8660254037844387,0.7818314824680298,0.6234898018587336
1,0,1,23.2667,63.46250173659129,0.296029,596,0,5728,True,False,1.2246467991473532e-16,-1.0,0.49999999999999994,-0.8660254037844387,0.9749279121818236,-0.22252093395631434
1,0,1,23.0,70.89753410410371,0.216412,571,0,4717,True,False,1.2246467991473532e-16,-1.0,0.49999999999999994,-0.8660254037844387,0.43388373911755823,-0.900968867902419
1,0,1,20.2333,46.4152294913349,0.314063,550,0,6572,False,False,1.2246467991473532e-16,-1.0,0.49999999999999994,-0.8660254037844387,-0.433883739117558,-0.9009688679024191
1,0,1,21.3333,21.98620158734003,0.2369369999999999,570,1,7030,False,False,1.2246467991473532e-16,-1.0,0.49999999999999994,-0.8660254037844387,-0.9749279121818236,-0.2225209339563146
1,0,0,22.5667,37.28095051766353,0.1231329999999999,813,0,7429,False,False,1.2246467991473532e-16,-1.0,0.49999999999999994,-0.8660254037844387,-0.7818314824680299,0.6234898018587334
1,0,1,22.9333,76.68608674926682,0.212692,768,0,2843,True,False,1.2246467991473532e-16,-1.0,0.49999999999999994,-0.8660254037844387,0.7818314824680298,0.6234898018587336
1,0,1,24.4667,77.32336795469696,0.147392,779,0,5115,True,False,1.2246467991473532e-16,-1.0,0.49999999999999994,-0.8660254037844387,0.9749279121818236,-0.22252093395631434
1,0,1,25.4667,65.00268295387487,0.122512,588,0,7424,False,False,1.2246467991473532e-16,-1.0,0.49999999999999994,-0.8660254037844387,0.43388373911755823,-0.900968867902419
1,0,1,23.7333,42.326050908571816,0.229475,882,0,7384,False,False,1.2246467991473532e-16,-1.0,0.49999999999999994,-0.8660254037844387,-0.433883739117558,-0.9009688679024191
1,0,1,22.5667,42.75086256011156,0.136817,550,0,7639,False,False,1.2246467991473532e-16,-1.0,0.49999999999999994,-0.8660254037844387,-0.9749279121818236,-0.2225209339563146
1,0,0,24.0,34.200715539337466,0.083975,1030,0,42945,False,False,1.2246467991473532e-16,-1.0,0.49999999999999994,-0.8660254037844387,-0.7818314824680299,0.6234898018587334
1,0,0,24.8333,43.65376257196499,0.254367,783,0,7129,False,False,1.2246467991473532e-16,-1.0,0.49999999999999994,-0.8660254037844387,-0.7818314824680299,0.6234898018587334
1,0,1,23.9333,55.28988010191402,0.233204,967,0,4359,True,False,1.2246467991473532e-16,-1.0,0.49999999999999994,-0.8660254037844387,0.7818314824680298,0.6234898018587336
1,0,1,24.6,73.65900102347362,0.118167,576,0,6073,True,False,1.2246467991473532e-16,-1.0,0.49999999999999994,-0.8660254037844387,0.9749279121818236,-0.22252093395631434
1,0,1,24.8667,74.77424313297638,0.102,873,0,5260,True,False,1.2246467991473532e-16,-1.0,0.49999999999999994,-0.8660254037844387,0.43388373911755823,-0.900968867902419
1,0,1,26.2,67.39248747423792,0.172896,706,0,6770,False,False,1.2246467991473532e-16,-1.0,0.49999999999999994,-0.8660254037844387,-0.433883739117558,-0.9009688679024191
1,0,0,27.7,69.41050213935301,0.198992,869,0,6536,False,False,1.2246467991473532e-16,-1.0,0.49999999999999994,-0.8660254037844387,-0.7818314824680299,0.6234898018587334
1,0,0,27.6,64.89638444880912,0.215171,1005,0,6591,False,False,1.2246467991473532e-16,-1.0,0.49999999999999994,-0.8660254037844387,-0.7818314824680299,0.6234898018587334
1,1,0,28.5,62.24108857826387,0.196521,506,0,6043,False,False,1.2246467991473532e-16,-1.0,0.49999999999999994,-0.8660254037844387,0.7818314824680298,0.6234898018587336
1,0,1,28.9,63.30318143523375,0.2954,598,1,5743,False,False,1.2246467991473532e-16,-1.0,0.49999999999999994,-0.8660254037844387,0.9749279121818236,-0.22252093395631434
1,0,1,26.2667,61.44448707147619,0.134329,595,0,6855,True,False,1.2246467991473532e-16,-1.0,0.49999999999999994,-0.8660254037844387,0.43388373911755823,-0.900968867902419
1,0,1,27.2,38.87415353123889,0.195279,986,0,7338,False,False,1.2246467991473532e-16,-1.0,0.49999999999999994,-0.8660254037844387,-0.433883739117558,-0.9009688679024191
1,0,1,26.1667,72.33141681632155,0.237563,853,1,4127,True,False,1.2246467991473532e-16,-1.0,1.2246467991473532e-16,-1.0,-0.9749279121818236,-0.2225209339563146
1,0,0,23.3333,46.04356709232803,0.1865619999999999,743,0,8120,False,False,1.2246467991473532e-16,-1.0,1.2246467991473532e-16,-1.0,-0.7818314824680299,0.6234898018587334
1,0,0,24.1,38.927175327530676,0.184087,502,1,7641,False,False,1.2246467991473532e-16,-1.0,1.2246467991473532e-16,-1.0,-0.7818314824680299,0.6234898018587334
1,0,1,23.9,38.130573820742995,0.284833,860,0,6998,False,False,1.2246467991473532e-16,-1.0,1.2246467991473532e-16,-1.0,0.7818314824680298,0.6234898018587336
1,0,1,21.6333,54.221924257854184,0.209575,831,0,7001,True,False,1.2246467991473532e-16,-1.0,1.2246467991473532e-16,-1.0,0.9749279121818236,-0.22252093395631434
1,0,1,22.1667,53.95643290767198,0.077125,978,0,7055,False,False,1.2246467991473532e-16,-1.0,1.2246467991473532e-16,-1.0,0.43388373911755823,-0.900968867902419
1,0,1,24.1,55.28988010191402,0.15735,537,0,7494,False,False,1.2246467991473532e-16,-1.0,1.2246467991473532e-16,-1.0,-0.433883739117558,-0.9009688679024191
1,0,1,25.9667,35.687747504088165,0.1753829999999999,968,0,7736,False,False,1.2246467991473532e-16,-1.0,1.2246467991473532e-16,-1.0,-0.9749279121818236,-0.2225209339563146
1,0,0,28.4333,31.757761766441536,0.144287,593,0,7498,False,False,1.2246467991473532e-16,-1.0,1.2246467991473532e-16,-1.0,-0.7818314824680299,0.6234898018587334
1,0,1,28.8333,50.98249643441166,0.207713,907,0,6664,True,False,1.2246467991473532e-16,-1.0,1.2246467991473532e-16,-1.0,0.7818314824680298,0.6234898018587336
1,0,1,26.1333,82.26229729678059,0.214546,777,0,4972,True,False,1.2246467991473532e-16,-1.0,1.2246467991473532e-16,-1.0,0.9749279121818236,-0.22252093395631434
1,0,1,26.2333,50.238916723915764,0.343279,865,0,7421,False,False,1.2246467991473532e-16,-1.0,1.2246467991473532e-16,-1.0,0.43388373911755823,-0.900968867902419
1,0,1,25.5667,51.194838532060984,0.176617,709,0,7665,False,False,1.2246467991473532e-16,-1.0,1.2246467991473532e-16,-1.0,-0.9749279121818236,-0.2225209339563146
1,0,0,25.2667,40.308036243456726,0.166667,932,0,7702,False,False,1.2246467991473532e-16,-1.0,1.2246467991473532e-16,-1.0,-0.7818314824680299,0.6234898018587334
1,0,0,23.7,52.36322989409662,0.144904,615,0,6978,False,False,1.2246467991473532e-16,-1.0,1.2246467991473532e-16,-1.0,-0.7818314824680299,0.6234898018587334
1,0,1,22.7333,75.1991822407572,0.174746,711,0,5099,True,False,1.2246467991473532e-16,-1.0,1.2246467991473532e-16,-1.0,0.7818314824680298,0.6234898018587336
1,0,1,27.5333,63.99361189319677,0.148017,826,1,6825,False,False,1.2246467991473532e-16,-1.0,1.2246467991473532e-16,-1.0,0.9749279121818236,-0.22252093395631434
1,0,1,31.3,51.51347913477606,0.1138119999999999,772,0,6211,False,False,1.2246467991473532e-16,-1.0,1.2246467991473532e-16,-1.0,0.43388373911755823,-0.900968867902419
1,0,1,32.2333,48.433371612691076,0.1187869999999999,692,0,5905,False,False,-1.0,-1.8369701987210297e-16,1.2246467991473532e-16,-1.0,-0.433883739117558,-0.9009688679024191
1,0,1,31.1,49.176823866945895,0.182842,885,0,5823,False,False,-1.0,-1.8369701987210297e-16,1.2246467991473532e-16,-1.0,-0.9749279121818236,-0.2225209339563146
1,0,0,29.2667,44.18474527232938,0.179721,978,1,7458,False,False,-1.0,-1.8369701987210297e-16,1.2246467991473532e-16,-1.0,-0.7818314824680299,0.6234898018587334
1,0,0,29.7333,37.12163021630599,0.145525,731,0,6891,False,False,-1.0,-1.8369701987210297e-16,1.2246467991473532e-16,-1.0,-0.7818314824680299,0.6234898018587334
1,0,1,28.6333,40.308036243456726,0.300383,932,1,6779,False,False,-1.0,-1.8369701987210297e-16,1.2246467991473532e-16,-1.0,0.7818314824680298,0.6234898018587336
1,0,1,25.2333,23.63242639720718,0.347642,683,0,7442,False,False,-1.0,-1.8369701987210297e-16,1.2246467991473532e-16,-1.0,0.9749279121818236,-0.22252093395631434
1,0,1,27.9,21.933052334807154,0.271775,897,0,7335,False,False,-1.0,-1.8369701987210297e-16,1.2246467991473532e-16,-1.0,0.43388373911755823,-0.900968867902419
1,0,1,29.9667,29.89906740268398,0.17165,772,0,6879,False,False,-1.0,-1.8369701987210297e-16,1.2246467991473532e-16,-1.0,-0.433883739117558,-0.9009688679024191
1,0,1,33.3667,38.34304337463341,0.165417,600,0,5463,False,False,-1.0,-1.8369701987210297e-16,1.2246467991473532e-16,-1.0,-0.9749279121818236,-0.2225209339563146
1,0,0,32.6333,55.28988010191402,0.1685289999999999,860,1,5531,False,False,-1.0,-1.8369701987210297e-16,-0.4999999999999997,-0.8660254037844388,-0.7818314824680299,0.6234898018587334
1,0,1,31.2333,38.76785502617314,0.126237,790,0,6660,False,False,-1.0,-1.8369701987210297e-16,-0.4999999999999997,-0.8660254037844388,0.9749279121818236,-0.22252093395631434
1,1,0,31.5667,44.71585542893487,0.13495,702,0,7403,False,False,-1.0,-1.8369701987210297e-16,-0.4999999999999997,-0.8660254037844388,0.43388373911755823,-0.900968867902419
1,0,1,33.1333,33.510285081374434,0.146142,797,0,6207,False,False,-1.0,-1.8369701987210297e-16,-0.4999999999999997,-0.8660254037844388,-0.9749279121818236,-0.2225209339563146
1,0,0,34.4667,38.76785502617314,0.163554,834,0,4840,False,False,-1.0,-1.8369701987210297e-16,-0.4999999999999997,-0.8660254037844388,-0.7818314824680299,0.6234898018587334
1,0,1,28.8333,61.125846468761125,0.1517369999999999,516,1,6290,True,False,-1.0,-1.8369701987210297e-16,-0.4999999999999997,-0.8660254037844388,0.9749279121818236,-0.22252093395631434
1,0,1,28.6667,56.771049079574766,0.1517329999999999,707,0,7264,False,False,-1.0,-1.8369701987210297e-16,-0.4999999999999997,-0.8660254037844388,0.43388373911755823,-0.900968867902419
1,0,1,29.2667,37.971253519385456,0.08085,500,0,7499,True,False,-1.0,-1.8369701987210297e-16,-0.4999999999999997,-0.8660254037844388,-0.9749279121818236,-0.2225209339563146
1,0,0,28.1333,65.1620032552324,0.143679,809,0,6969,True,False,-1.0,-1.8369701987210297e-16,-0.4999999999999997,-0.8660254037844388,-0.7818314824680299,0.6234898018587334
1,0,0,29.8333,67.55180777559545,0.166667,690,1,6031,False,False,-1.0,-1.8369701987210297e-16,-0.4999999999999997,-0.8660254037844388,-0.7818314824680299,0.6234898018587334
1,0,1,30.5333,58.258081044325465,0.164187,639,0,6830,False,False,-1.0,-1.8369701987210297e-16,-0.4999999999999997,-0.8660254037844388,0.7818314824680298,0.6234898018587336
1,0,1,32.7333,40.52037834110604,0.114429,809,0,6786,False,False,-1.0,-1.8369701987210297e-16,-0.4999999999999997,-0.8660254037844388,0.9749279121818236,-0.22252093395631434
1,0,1,31.7333,49.60163551848562,0.137442,977,0,5713,False,False,-1.0,-1.8369701987210297e-16,-0.4999999999999997,-0.8660254037844388,0.43388373911755823,-0.900968867902419
1,0,1,30.8,52.575699447987034,0.165429,602,0,6591,False,False,-1.0,-1.8369701987210297e-16,-0.4999999999999997,-0.8660254037844388,-0.433883739117558,-0.9009688679024191
1,0,1,26.6333,83.64315821270664,0.208967,685,0,5870,True,False,-1.0,-1.8369701987210297e-16,-0.4999999999999997,-0.8660254037844388,-0.9749279121818236,-0.2225209339563146
1,0,0,23.8333,86.35160333578474,0.2133,839,0,4459,False,True,-1.0,-1.8369701987210297e-16,-0.4999999999999997,-0.8660254037844388,-0.7818314824680299,0.6234898018587334
1,0,1,29.6667,64.52472204980226,0.138683,603,0,6966,False,False,-1.0,-1.8369701987210297e-16,-0.4999999999999997,-0.8660254037844388,0.7818314824680298,0.6234898018587336
1,0,1,28.9667,33.40411403254977,0.1648,789,1,8173,False,False,-1.0,-1.8369701987210297e-16,-0.4999999999999997,-0.8660254037844388,0.43388373911755823,-0.900968867902419
1,0,1,31.0667,52.09773854391442,0.284813,1012,0,6861,False,False,-1.0,-1.8369701987210297e-16,-0.4999999999999997,-0.8660254037844388,-0.433883739117558,-0.9009688679024191
1,0,1,31.2667,51.832119737491126,0.152992,948,0,6904,False,False,-1.0,-1.8369701987210297e-16,-0.4999999999999997,-0.8660254037844388,-0.9749279121818236,-0.2225209339563146
1,0,0,30.2333,54.221924257854184,0.15735,508,0,6685,False,False,-1.0,-1.8369701987210297e-16,-0.4999999999999997,-0.8660254037844388,-0.7818314824680299,0.6234898018587334
1,0,0,28.8667,55.549635921247344,0.170396,523,0,6597,False,False,-1.0,-1.8369701987210297e-16,-0.4999999999999997,-0.8660254037844388,-0.7818314824680299,0.6234898018587334
1,0,1,28.5333,65.79928446066255,0.165425,864,0,7216,False,False,-1.0,-1.8369701987210297e-16,-0.4999999999999997,-0.8660254037844388,0.9749279121818236,-0.22252093395631434
1,0,1,30.6333,57.93944044161039,0.215792,937,1,7175,True,False,-1.0,-1.8369701987210297e-16,-0.8660254037844385,-0.5000000000000004,-0.9749279121818236,-0.2225209339563146
1,0,0,31.7333,54.221924257854184,0.257458,606,0,6824,False,False,-1.0,-1.8369701987210297e-16,-0.8660254037844385,-0.5000000000000004,-0.7818314824680299,0.6234898018587334
1,0,1,30.1,59.4264724063611,0.129354,861,1,7013,True,False,-1.0,-1.8369701987210297e-16,-0.8660254037844385,-0.5000000000000004,0.7818314824680298,0.6234898018587336
1,0,1,29.4333,65.74613520812967,0.116908,714,0,7273,True,False,-1.0,-1.8369701987210297e-16,-0.8660254037844385,-0.5000000000000004,0.9749279121818236,-0.22252093395631434
1,0,1,30.2333,55.12482426970762,0.1561,1006,1,7286,False,False,-1.0,-1.8369701987210297e-16,-0.8660254037844385,-0.5000000000000004,-0.433883739117558,-0.9009688679024191
1,0,1,28.6333,67.28618896917217,0.238813,733,0,5786,True,False,-1.0,-1.8369701987210297e-16,-0.8660254037844385,-0.5000000000000004,-0.9749279121818236,-0.2225209339563146
1,0,0,27.7,69.46365139188589,0.206479,538,0,6299,True,False,-1.0,-1.8369701987210297e-16,-0.8660254037844385,-0.5000000000000004,-0.7818314824680299,0.6234898018587334
1,0,0,28.0333,43.65376257196499,0.122512,513,0,6544,False,False,-1.0,-1.8369701987210297e-16,-0.8660254037844385,-0.5000000000000004,-0.7818314824680299,0.6234898018587334
1,0,1,28.2667,55.018525764641865,0.169771,501,0,7347,False,False,-1.0,-1.8369701987210297e-16,-0.8660254037844385,-0.5000000000000004,0.43388373911755823,-0.900968867902419
1,0,1,28.7667,42.21987985974717,0.141796,755,0,7605,False,False,-1.0,-1.8369701987210297e-16,-0.8660254037844385,-0.5000000000000004,-0.433883739117558,-0.9009688679024191
1,0,1,28.9333,48.80503401169794,0.231354,887,0,7148,False,False,-1.0,-1.8369701987210297e-16,-0.8660254037844385,-0.5000000000000004,-0.9749279121818236,-0.2225209339563146
1,0,0,27.1333,52.947361846993886,0.177867,507,0,7865,False,False,-1.0,-1.8369701987210297e-16,-0.8660254037844385,-0.5000000000000004,-0.7818314824680299,0.6234898018587334
1,0,0,25.4333,55.28988010191402,0.08645,540,0,4549,True,False,-1.0,-1.8369701987210297e-16,-0.8660254037844385,-0.5000000000000004,-0.7818314824680299,0.6234898018587334
1,0,1,25.4333,69.62297169324343,0.1299789999999999,611,0,6530,True,False,-1.0,-1.8369701987210297e-16,-0.8660254037844385,-0.5000000000000004,0.7818314824680298,0.6234898018587336
1,0,1,25.9667,61.922447975548806,0.0727708,964,0,7006,False,False,-1.0,-1.8369701987210297e-16,-0.8660254037844385,-0.5000000000000004,0.9749279121818236,-0.22252093395631434
1,0,1,26.7,62.34725962708853,0.0702833,553,0,7375,False,False,-1.0,-1.8369701987210297e-16,-0.8660254037844385,-0.5000000000000004,0.43388373911755823,-0.900968867902419
1,0,1,27.8333,57.08968968228983,0.0845958,665,0,7765,False,False,-1.0,-1.8369701987210297e-16,-0.8660254037844385,-0.5000000000000004,-0.433883739117558,-0.9009688679024191
1,0,0,26.4667,66.91452657016531,0.244408,477,0,6053,True,False,-1.0,-1.8369701987210297e-16,-0.8660254037844385,-0.5000000000000004,-0.7818314824680299,0.6234898018587334
1,0,0,26.1333,83.85550031035595,0.228858,644,0,5255,True,False,-1.0,-1.8369701987210297e-16,-0.8660254037844385,-0.5000000000000004,-0.7818314824680299,0.6234898018587334
1,0,1,27.4,46.4152294913349,0.112562,575,0,7697,False,False,-1.0,-1.8369701987210297e-16,-0.8660254037844385,-0.5000000000000004,0.43388373911755823,-0.900968867902419
1,0,1,28.2667,51.301137037126736,0.0771167,592,0,7713,False,False,-1.0,-1.8369701987210297e-16,-0.8660254037844385,-0.5000000000000004,-0.433883739117558,-0.9009688679024191
1,0,0,30.1333,57.40833028500491,0.113187,823,0,6140,True,False,-1.0,-1.8369701987210297e-16,-1.0,-1.8369701987210297e-16,-0.7818314824680299,0.6234898018587334
1,0,0,27.8667,79.92564202895042,0.0640708,946,0,5810,True,False,-1.0,-1.8369701987210297e-16,-1.0,-1.8369701987210297e-16,-0.7818314824680299,0.6234898018587334
1,1,0,28.3,76.84540705062435,0.151121,469,0,6034,False,False,-1.0,-1.8369701987210297e-16,-1.0,-1.8369701987210297e-16,0.7818314824680298,0.6234898018587336
1,0,1,29.0333,72.27826756378867,0.236321,872,0,6864,False,False,-1.0,-1.8369701987210297e-16,-1.0,-1.8369701987210297e-16,0.9749279121818236,-0.22252093395631434
1,0,1,29.4667,70.52574424885577,0.187808,546,0,7112,False,False,-1.0,-1.8369701987210297e-16,-1.0,-1.8369701987210297e-16,0.43388373911755823,-0.900968867902419
1,0,1,27.8667,79.34151007605315,0.142421,598,1,6203,True,False,-1.0,-1.8369701987210297e-16,-1.0,-1.8369701987210297e-16,-0.433883739117558,-0.9009688679024191
1,0,1,28.1333,55.28988010191402,0.171646,929,0,7504,False,False,-1.0,-1.8369701987210297e-16,-1.0,-1.8369701987210297e-16,-0.9749279121818236,-0.2225209339563146
1,0,0,26.3667,77.90762736383532,0.281104,824,0,5976,True,False,-1.0,-1.8369701987210297e-16,-1.0,-1.8369701987210297e-16,-0.7818314824680299,0.6234898018587334
1,0,0,24.4,45.83109753843762,0.224496,494,0,8227,False,False,-1.0,-1.8369701987210297e-16,-1.0,-1.8369701987210297e-16,-0.7818314824680299,0.6234898018587334
1,0,1,23.3333,40.25488699092385,0.258713,748,0,7525,False,False,-1.0,-1.8369701987210297e-16,-1.0,-1.8369701987210297e-16,0.7818314824680298,0.6234898018587336
1,0,1,23.1,42.326050908571816,0.0920541999999999,469,0,7767,False,False,-1.0,-1.8369701987210297e-16,-1.0,-1.8369701987210297e-16,0.9749279121818236,-0.22252093395631434
1,0,1,23.9667,49.60163551848562,0.131846,930,0,7870,False,False,-1.0,-1.8369701987210297e-16,-1.0,-1.8369701987210297e-16,0.43388373911755823,-0.900968867902419
1,0,1,24.5,57.24900998364737,0.0827208,702,0,7804,False,False,-1.0,-1.8369701987210297e-16,-1.0,-1.8369701987210297e-16,-0.433883739117558,-0.9009688679024191
1,0,1,25.3333,61.76312767419127,0.103863,918,0,8009,False,False,-1.0,-1.8369701987210297e-16,-1.0,-1.8369701987210297e-16,-0.9749279121818236,-0.2225209339563146
1,0,0,24.3333,39.98939564074165,0.247521,820,0,35932,False,False,-1.0,-1.8369701987210297e-16,-1.0,-1.8369701987210297e-16,-0.7818314824680299,0.6234898018587334
1,0,0,23.2,48.69886296287328,0.0901833,589,0,7333,False,False,-1.0,-1.8369701987210297e-16,-1.0,-1.8369701987210297e-16,-0.7818314824680299,0.6234898018587334
1,0,1,23.2333,69.67599348953522,0.151742,848,0,6869,True,False,-1.0,-1.8369701987210297e-16,-1.0,-1.8369701987210297e-16,0.7818314824680298,0.6234898018587336
1,0,1,24.9333,87.2543758913971,0.357587,795,0,4073,True,False,-1.0,-1.8369701987210297e-16,-1.0,-1.8369701987210297e-16,0.9749279121818236,-0.22252093395631434
1,0,1,21.8667,54.859205463284326,0.118167,990,1,7720,False,False,-1.0,-1.8369701987210297e-16,-1.0,-1.8369701987210297e-16,-0.433883739117558,-0.9009688679024191
1,0,1,23.9667,61.285166770118664,0.154229,902,0,8167,False,False,-1.0,-1.8369701987210297e-16,-1.0,-1.8369701987210297e-16,-0.9749279121818236,-0.2225209339563146
1,0,0,26.0,58.47055059821588,0.283583,963,0,53021,False,False,-1.0,-1.8369701987210297e-16,-1.0,-1.8369701987210297e-16,-0.7818314824680299,0.6234898018587334
1,0,0,21.1667,35.58144899902241,0.2232579999999999,888,0,7907,False,False,-2.4492935982947064e-16,1.0,-1.0,-1.8369701987210297e-16,-0.7818314824680299,0.6234898018587334
1,0,1,20.5667,38.87415353123889,0.142404,944,1,7436,False,False,-2.4492935982947064e-16,1.0,-1.0,-1.8369701987210297e-16,0.7818314824680298,0.6234898018587336
1,0,1,25.4,56.45240847685969,0.2444,1001,0,7733,False,False,-2.4492935982947064e-16,1.0,-1.0,-1.8369701987210297e-16,0.43388373911755823,-0.900968867902419
1,0,1,26.0,64.09978294202143,0.134342,472,0,7393,True,False,-2.4492935982947064e-16,1.0,-1.0,-1.8369701987210297e-16,-0.433883739117558,-0.9009688679024191
1,0,1,24.7667,63.99361189319677,0.164179,658,0,7415,True,False,-2.4492935982947064e-16,1.0,-1.0,-1.8369701987210297e-16,-0.9749279121818236,-0.2225209339563146
1,0,0,21.0667,50.3982370252733,0.134958,952,0,6889,False,False,-2.4492935982947064e-16,1.0,-1.0,-1.8369701987210297e-16,-0.7818314824680299,0.6234898018587334
1,0,1,23.6333,87.14820484257243,0.104475,499,0,4639,False,True,-2.4492935982947064e-16,1.0,-0.8660254037844386,0.5000000000000001,0.9749279121818236,-0.22252093395631434
1,0,1,26.3,77.2171969058723,0.0665458,727,0,7572,True,False,-2.4492935982947064e-16,1.0,-0.8660254037844386,0.5000000000000001,0.43388373911755823,-0.900968867902419
1,0,1,26.3,68.1890889810256,0.117546,479,0,7328,True,False,-2.4492935982947064e-16,1.0,-0.8660254037844386,0.5000000000000001,-0.433883739117558,-0.9009688679024191
1,0,1,24.6,56.02759682531996,0.10635,484,0,8156,False,False,-2.4492935982947064e-16,1.0,-0.8660254037844386,0.5000000000000001,-0.9749279121818236,-0.2225209339563146
1,0,0,22.1667,60.701034817221384,0.268025,755,0,7965,False,False,-2.4492935982947064e-16,1.0,-0.8660254037844386,0.5000000000000001,-0.7818314824680299,0.6234898018587334
1,1,0,15.3333,66.48958746238448,0.189679,925,0,5478,True,False,-2.4492935982947064e-16,1.0,-0.8660254037844386,0.5000000000000001,0.7818314824680298,0.6234898018587336
1,0,1,17.8667,73.12801832310923,0.1903,611,0,6392,True,False,-2.4492935982947064e-16,1.0,-0.8660254037844386,0.5000000000000001,0.9749279121818236,-0.22252093395631434
1,0,1,20.5667,56.45240847685969,0.187821,634,1,7691,False,False,-2.4492935982947064e-16,1.0,-0.8660254037844386,0.5000000000000001,0.43388373911755823,-0.900968867902419
1,0,1,17.4,35.103488094949796,0.181596,725,0,7570,False,False,-2.4492935982947064e-16,1.0,-0.8660254037844386,0.5000000000000001,-0.433883739117558,-0.9009688679024191
1,0,0,15.7333,39.086495628888215,0.146142,632,0,7109,False,False,-2.4492935982947064e-16,1.0,-0.8660254037844386,0.5000000000000001,-0.7818314824680299,0.6234898018587334
1,0,1,22.4667,55.28988010191402,0.296037,598,0,5875,True,False,-2.4492935982947064e-16,1.0,-0.8660254037844386,0.5000000000000001,0.7818314824680298,0.6234898018587336
1,0,1,18.7333,47.21183099812258,0.182221,513,0,7534,False,False,-2.4492935982947064e-16,1.0,-0.8660254037844386,0.5000000000000001,0.9749279121818236,-0.22252093395631434
1,0,1,18.2333,55.28988010191402,0.101371,492,1,7461,False,False,-2.4492935982947064e-16,1.0,-0.8660254037844386,0.5000000000000001,0.43388373911755823,-0.900968867902419
1,0,0,19.3667,49.07065281812123,0.1175369999999999,988,0,8090,False,False,-2.4492935982947064e-16,1.0,-0.8660254037844386,0.5000000000000001,-0.7818314824680299,0.6234898018587334
1,0,0,18.5667,41.05148849771153,0.166054,521,0,6824,False,False,-2.4492935982947064e-16,1.0,-0.8660254037844386,0.5000000000000001,-0.7818314824680299,0.6234898018587334
1,0,1,19.5,48.48639340898286,0.0814833,599,0,7058,False,False,-2.4492935982947064e-16,1.0,-0.8660254037844386,0.5000000000000001,0.7818314824680298,0.6234898018587336
1,0,1,21.7667,55.28988010191402,0.0945458,601,0,7466,False,False,-2.4492935982947064e-16,1.0,-0.8660254037844386,0.5000000000000001,0.9749279121818236,-0.22252093395631434
1,0,1,23.5,57.142838934822706,0.0727791999999999,707,0,7693,False,False,-2.4492935982947064e-16,1.0,-0.8660254037844386,0.5000000000000001,0.43388373911755823,-0.900968867902419
1,0,1,22.0,78.06694766519286,0.124375,492,0,7359,True,False,-2.4492935982947064e-16,1.0,-0.8660254037844386,0.5000000000000001,-0.433883739117558,-0.9009688679024191
1,0,0,19.1,64.57774384609405,0.398008,822,0,4459,True,False,-2.4492935982947064e-16,1.0,-0.8660254037844386,0.5000000000000001,-0.7818314824680299,0.6234898018587334
1,0,1,17.6,88.21029769954231,0.3582,1028,1,22,False,True,-2.4492935982947064e-16,1.0,-0.8660254037844386,0.5000000000000001,0.7818314824680298,0.6234898018587336
1,0,1,12.7273,81.25819702950486,0.213009,846,0,1096,True,False,-2.4492935982947064e-16,1.0,-0.8660254037844386,0.5000000000000001,0.9749279121818236,-0.22252093395631434
1,0,1,14.3,61.01967541993646,0.166667,747,0,5566,True,False,-2.4492935982947064e-16,1.0,-0.8660254037844386,0.5000000000000001,0.43388373911755823,-0.900968867902419
1,0,1,14.6333,50.18589492762398,0.157346,746,1,5986,True,False,-2.4492935982947064e-16,1.0,-0.5000000000000004,0.8660254037844384,-0.433883739117558,-0.9009688679024191
1,0,1,14.2,42.59154225875402,0.266175,578,0,5847,False,False,-2.4492935982947064e-16,1.0,-0.5000000000000004,0.8660254037844384,-0.9749279121818236,-0.2225209339563146
1,0,0,13.7333,38.661683977348474,0.270529,827,0,5138,True,False,-2.4492935982947064e-16,1.0,-0.5000000000000004,0.8660254037844384,-0.7818314824680299,0.6234898018587334
1,0,0,13.0333,43.97240317468007,0.179108,684,0,5107,False,False,-2.4492935982947064e-16,1.0,-0.5000000000000004,0.8660254037844384,-0.7818314824680299,0.6234898018587334
1,0,1,12.7667,39.03347383259643,0.236325,491,0,5259,False,False,-2.4492935982947064e-16,1.0,-0.5000000000000004,0.8660254037844384,0.7818314824680298,0.6234898018587336
1,0,1,11.2333,48.327073107625324,0.173513,677,0,5686,False,False,-2.4492935982947064e-16,1.0,-0.5000000000000004,0.8660254037844384,0.9749279121818236,-0.22252093395631434
1,0,1,11.8333,45.83109753843762,0.304108,654,0,5035,True,False,-2.4492935982947064e-16,1.0,-0.5000000000000004,0.8660254037844384,0.43388373911755823,-0.900968867902419
1,0,1,14.087,18.552657908723493,0.347835,554,0,5315,False,False,-2.4492935982947064e-16,1.0,-0.5000000000000004,0.8660254037844384,-0.433883739117558,-0.9009688679024191
1,0,1,14.4667,44.98134677911706,0.214558,738,0,5992,False,False,-2.4492935982947064e-16,1.0,-0.5000000000000004,0.8660254037844384,-0.9749279121818236,-0.2225209339563146
1,0,0,15.5667,58.31123029685834,0.0578458,901,0,6536,False,False,-2.4492935982947064e-16,1.0,-0.5000000000000004,0.8660254037844384,-0.7818314824680299,0.6234898018587334
1,0,0,16.8333,60.06375361179124,0.1275,783,0,6852,False,False,-2.4492935982947064e-16,1.0,-0.5000000000000004,0.8660254037844384,-0.7818314824680299,0.6234898018587334
1,1,0,19.4,70.57889350138865,0.173517,793,0,6269,False,False,-2.4492935982947064e-16,1.0,-0.5000000000000004,0.8660254037844384,0.7818314824680298,0.6234898018587336
1,0,1,13.7333,60.541714515863845,0.342046,542,0,4094,True,False,-2.4492935982947064e-16,1.0,-0.5000000000000004,0.8660254037844384,0.9749279121818236,-0.22252093395631434
1,0,1,11.5667,46.4152294913349,0.199625,478,0,5495,False,False,-2.4492935982947064e-16,1.0,-0.5000000000000004,0.8660254037844384,0.43388373911755823,-0.900968867902419
1,0,1,12.8667,55.12482426970762,0.1529869999999999,601,0,5445,True,False,-2.4492935982947064e-16,1.0,-0.5000000000000004,0.8660254037844384,-0.433883739117558,-0.9009688679024191
1,0,1,13.8,42.910182861469096,0.171025,603,0,5698,False,False,-2.4492935982947064e-16,1.0,-0.5000000000000004,0.8660254037844384,-0.9749279121818236,-0.2225209339563146
1,0,0,13.7,64.36540174844473,0.2276119999999999,899,0,4669,False,False,-2.4492935982947064e-16,1.0,-0.5000000000000004,0.8660254037844384,-0.7818314824680299,0.6234898018587334
1,0,1,14.9667,63.35633068776663,0.082725,796,0,5634,True,False,-2.4492935982947064e-16,1.0,-0.5000000000000004,0.8660254037844384,0.9749279121818236,-0.22252093395631434
1,0,1,14.1333,54.27507351038706,0.103246,666,0,5146,False,False,-2.4492935982947064e-16,1.0,-0.5000000000000004,0.8660254037844384,0.43388373911755823,-0.900968867902419
1,1,0,13.6,50.02657462626645,0.0528708,535,0,2425,False,False,-2.4492935982947064e-16,1.0,-0.5000000000000004,0.8660254037844384,-0.433883739117558,-0.9009688679024191
1,0,0,11.1333,55.28988010191402,0.376871,496,0,2277,False,False,-2.4492935982947064e-16,1.0,-0.5000000000000004,0.8660254037844384,-0.7818314824680299,0.6234898018587334
1,0,0,9.8333,35.74076930037995,0.1505,728,0,2424,False,False,-2.4492935982947064e-16,1.0,-0.5000000000000004,0.8660254037844384,-0.7818314824680299,0.6234898018587334
1,0,1,12.5333,44.29104377739513,0.04665,1025,0,5087,False,False,-2.4492935982947064e-16,1.0,-0.5000000000000004,0.8660254037844384,0.7818314824680298,0.6234898018587336
1,0,1,11.6667,76.31442435025996,0.237562,675,0,3959,True,False,-2.4492935982947064e-16,1.0,-0.5000000000000004,0.8660254037844384,0.9749279121818236,-0.22252093395631434
1,0,1,11.8667,40.573527593638914,0.210821,935,1,5260,False,False,-2.4492935982947064e-16,1.0,-0.5000000000000004,0.8660254037844384,0.43388373911755823,-0.900968867902419
1,0,1,11.2348,46.87012081577093,0.115522,509,0,5323,False,False,-2.4492935982947064e-16,1.0,-0.5000000000000004,0.8660254037844384,-0.433883739117558,-0.9009688679024191
1,0,0,11.9333,78.86354917198054,0.0597041999999999,602,0,5191,True,False,-2.4492935982947064e-16,1.0,-2.4492935982947064e-16,1.0,-0.7818314824680299,0.6234898018587334
1,0,0,13.9,80.9877348859203,0.1243789999999999,702,0,4649,True,False,-2.4492935982947064e-16,1.0,-2.4492935982947064e-16,1.0,-0.7818314824680299,0.6234898018587334
1,0,1,12.8333,73.44665892582431,0.1306,708,0,5008,True,False,-2.4492935982947064e-16,1.0,-2.4492935982947064e-16,1.0,-0.9749279121818236,-0.2225209339563146
1,0,0,15.2667,92.19330523348073,0.101379,620,0,5582,True,False,-2.4492935982947064e-16,1.0,-2.4492935982947064e-16,1.0,-0.7818314824680299,0.6234898018587334
1,0,1,17.4333,93.94582854841363,0.190308,1031,0,5170,True,False,-2.4492935982947064e-16,1.0,-2.4492935982947064e-16,1.0,0.7818314824680298,0.6234898018587336
1,0,1,11.9,44.662706176402,0.162937,802,1,5319,True,False,-2.4492935982947064e-16,1.0,-2.4492935982947064e-16,1.0,0.43388373911755823,-0.900968867902419
1,0,1,11.8333,37.971253519385456,0.174129,676,0,5532,False,False,-2.4492935982947064e-16,1.0,-2.4492935982947064e-16,1.0,-0.433883739117558,-0.9009688679024191
1,0,0,12.9667,58.94851150228848,0.10635,619,0,5047,False,False,-2.4492935982947064e-16,1.0,-2.4492935982947064e-16,1.0,-0.7818314824680299,0.6234898018587334
1,0,0,14.5,82.9527277547436,0.100742,491,0,3786,True,False,-2.4492935982947064e-16,1.0,-2.4492935982947064e-16,1.0,-0.7818314824680299,0.6234898018587334
1,0,1,15.7333,91.66219507687525,0.0982583,692,0,4585,True,False,-2.4492935982947064e-16,1.0,-2.4492935982947064e-16,1.0,0.7818314824680298,0.6234898018587336
1,0,1,13.3,55.76210547513776,0.184092,951,0,5267,False,False,-2.4492935982947064e-16,1.0,-2.4492935982947064e-16,1.0,0.43388373911755823,-0.900968867902419
1,0,1,13.2,61.178995721294,0.132463,883,0,4128,True,False,-2.4492935982947064e-16,1.0,-2.4492935982947064e-16,1.0,-0.433883739117558,-0.9009688679024191
1,0,1,13.0667,46.99948890047325,0.3743829999999999,881,0,3623,True,False,1.0,6.123233995736766e-17,-2.4492935982947064e-16,1.0,-0.9749279121818236,-0.2225209339563146
1,0,0,10.6333,32.288871923047026,0.407346,572,0,1749,False,False,1.0,6.123233995736766e-17,-2.4492935982947064e-16,1.0,-0.7818314824680299,0.6234898018587334
1,0,0,9.8333,41.74191895567455,0.1330829999999999,490,0,1787,False,False,1.0,6.123233995736766e-17,-2.4492935982947064e-16,1.0,-0.7818314824680299,0.6234898018587334
1,0,1,9.2522,55.28988010191402,0.0772303999999999,1030,1,920,True,False,1.0,6.123233995736766e-17,-2.4492935982947064e-16,1.0,0.7818314824680298,0.6234898018587336
1,1,0,11.6522,55.28988010191402,0.168726,699,0,1013,True,False,1.0,6.123233995736766e-17,-2.4492935982947064e-16,1.0,0.9749279121818236,-0.22252093395631434
1,0,1,9.7333,80.9877348859203,0.316546,701,0,441,False,True,1.0,6.123233995736766e-17,-2.4492935982947064e-16,1.0,0.43388373911755823,-0.900968867902419
1,0,1,10.1667,59.26715210500356,0.3501329999999999,561,0,2114,True,False,1.0,6.123233995736766e-17,-2.4492935982947064e-16,1.0,-0.433883739117558,-0.9009688679024191
1,0,1,10.1333,51.24798778459386,0.155471,562,0,3095,True,False,1.0,6.123233995736766e-17,-2.4492935982947064e-16,1.0,-0.9749279121818236,-0.2225209339563146
1,0,0,10.1333,72.01277621360647,0.124383,783,0,1341,True,False,1.0,6.123233995736766e-17,-2.4492935982947064e-16,1.0,-0.7818314824680299,0.6234898018587334
1,0,1,8.6333,49.6547847710185,0.154846,585,0,2729,True,False,1.0,6.123233995736766e-17,-2.4492935982947064e-16,1.0,0.7818314824680298,0.6234898018587336
