instant,season,yr,mnth,holiday,weekday,workingday,weathersit,temp,hum,windspeed,leaflets,price reduction,cnt,day_of_month,season_sin,season_cos,mnth_sin,mnth_cos,weekday_sin,weekday_cos
207,3.0,0,7,0,2,1,1,30.8667,44.98134677911706,0.200258,692,0,4590,26,-1.0,-1.8369701987210297e-16,-0.4999999999999997,-0.8660254037844388,0.9749279121818236,-0.22252093395631434
71,1.0,0,3,0,6,0,1,13.1667,51.832119737491126,0.220775,580,0,2132,12,1.0,6.123233995736766e-17,1.0,6.123233995736766e-17,-0.7818314824680299,0.6234898018587334
60,1.0,0,3,0,2,1,1,10.6667,44.237894524862256,0.216425,971,0,1851,1,1.0,6.123233995736766e-17,1.0,6.123233995736766e-17,0.9749279121818236,-0.22252093395631434
477,2.0,1,4,0,6,0,1,22.8,63.09083933758443,0.283587,524,0,6624,21,1.2246467991473532e-16,-1.0,0.8660254037844387,-0.4999999999999998,-0.7818314824680299,0.6234898018587334
44,1.0,0,2,0,6,0,1,12.6609,34.34614311041662,0.260883,686,1,1589,13,1.0,6.123233995736766e-17,0.8660254037844386,0.5000000000000001,-0.7818314824680299,0.6234898018587334
604,3.0,1,8,0,6,0,2,26.1333,83.85550031035595,0.228858,644,0,5255,26,-1.0,-1.8369701987210297e-16,-0.8660254037844385,-0.5000000000000004,-0.7818314824680299,0.6234898018587334
199,3.0,0,7,0,1,1,1,29.8667,59.054682551113146,0.215804,840,0,4458,18,-1.0,-1.8369701987210297e-16,-0.4999999999999997,-0.8660254037844388,0.7818314824680298,0.6234898018587336
576,3.0,1,7,0,6,0,1,28.8667,55.549635921247344,0.170396,523,0,6597,29,-1.0,-1.8369701987210297e-16,-0.4999999999999997,-0.8660254037844388,-0.7818314824680299,0.6234898018587334
594,3.0,1,8,0,4,1,1,28.7667,42.21987985974717,0.141796,755,0,7605,16,-1.0,-1.8369701987210297e-16,-0.8660254037844385,-0.5000000000000004,-0.433883739117558,-0.9009688679024191
567,3.0,1,7,0,5,1,2,26.6333,83.64315821270664,0.208967,685,0,5870,20,-1.0,-1.8369701987210297e-16,-0.4999999999999997,-0.8660254037844388,-0.9749279121818236,-0.2225209339563146
411,1.0,1,2,0,3,1,1,13.9333,43.75993362078965,0.1816,998,1,4169,15,1.0,6.123233995736766e-17,0.8660254037844386,0.5000000000000001,0.43388373911755823,-0.900968867902419
513,2.0,1,5,0,6,0,1,27.6,64.89638444880912,0.215171,1005,0,6591,27,1.2246467991473532e-16,-1.0,0.49999999999999994,-0.8660254037844387,-0.7818314824680299,0.6234898018587334
378,1.0,1,1,0,5,1,1,10.9667,40.73284789499645,0.378108,911,0,3214,13,1.0,6.123233995736766e-17,0.49999999999999994,0.8660254037844387,-0.9749279121818236,-0.2225209339563146
236,3.0,0,8,0,3,1,1,26.9333,53.1598314008843,0.1775585,935,0,5130,24,-1.0,-1.8369701987210297e-16,-0.8660254037844385,-0.5000000000000004,0.43388373911755823,-0.900968867902419
503,2.0,1,5,0,4,1,1,23.7333,42.326050908571816,0.229475,882,0,7384,17,1.2246467991473532e-16,-1.0,0.49999999999999994,-0.8660254037844387,-0.433883739117558,-0.9009688679024191
131,2.0,0,5,0,3,1,1,21.7,56.71802728328298,0.120642,549,0,4182,11,1.2246467991473532e-16,-1.0,0.49999999999999994,-0.8660254037844387,0.43388373911755823,-0.900968867902419
486,2.0,1,4,0,1,1,2,18.5667,48.69886296287328,0.171638,628,0,5572,30,1.2246467991473532e-16,-1.0,0.8660254037844387,-0.4999999999999998,0.7818314824680298,0.6234898018587336
424,1.0,1,2,0,2,1,1,14.3667,26.500191821642833,0.193417,595,0,4363,28,1.0,6.123233995736766e-17,0.8660254037844386,0.5000000000000001,0.9749279121818236,-0.22252093395631434
456,2.0,1,3,0,6,0,2,16.9667,70.15395439360782,0.250617,538,0,6235,31,1.2246467991473532e-16,-1.0,1.0,6.123233995736766e-17,-0.7818314824680299,0.6234898018587334
550,3.0,1,7,0,2,1,1,31.2333,38.76785502617314,0.126237,790,0,6660,3,-1.0,-1.8369701987210297e-16,-0.4999999999999997,-0.8660254037844388,0.9749279121818236,-0.22252093395631434
615,3.0,1,9,0,4,1,2,27.8667,79.34151007605315,0.142421,598,1,6203,6,-1.0,-1.8369701987210297e-16,-1.0,-1.8369701987210297e-16,-0.433883739117558,-0.9009688679024191
321,4.0,0,11,0,4,1,2,13.6667,49.44231521712808,0.3053619999999999,532,0,3053,17,-2.4492935982947064e-16,1.0,-0.5000000000000004,0.8660254037844384,-0.433883739117558,-0.9009688679024191
384,1.0,1,1,0,3,1,1,7.6,39.458285484136155,0.220158,637,0,3292,19,1.0,6.123233995736766e-17,0.49999999999999994,0.8660254037844387,0.43388373911755823,-0.900968867902419
656,4.0,1,10,0,3,1,1,18.2333,46.73599901157685,0.101371,492,1,7461,17,-2.4492935982947064e-16,1.0,-0.8660254037844386,0.5000000000000001,0.43388373911755823,-0.900968867902419
124,2.0,0,5,0,3,1,2,16.5667,69.99463409225028,0.328996,569,0,2633,4,1.2246467991473532e-16,-1.0,0.49999999999999994,-0.8660254037844387,0.43388373911755823,-0.900968867902419
338,4.0,0,12,0,6,0,1,13.2333,74.93356343433392,0.0839583,998,1,3485,4,-2.4492935982947064e-16,1.0,-2.4492935982947064e-16,1.0,-0.7818314824680299,0.6234898018587334
119,2.0,0,4,0,5,1,1,20.4,34.306886588162115,0.240063,911,1,4595,29,1.2246467991473532e-16,-1.0,0.8660254037844387,-0.4999999999999998,-0.9749279121818236,-0.2225209339563146
77,1.0,0,3,0,5,1,1,21.6,42.99099011831764,0.231017,799,0,3239,18,1.0,6.123233995736766e-17,1.0,6.123233995736766e-17,-0.9749279121818236,-0.2225209339563146
623,3.0,1,9,0,5,1,1,25.3333,61.76312767419127,0.103863,918,0,8009,14,-1.0,-1.8369701987210297e-16,-1.0,-1.8369701987210297e-16,-0.9749279121818236,-0.2225209339563146
468,2.0,1,4,0,4,1,1,15.9,35.47527795019775,0.290429,765,0,5409,12,1.2246467991473532e-16,-1.0,0.8660254037844387,-0.4999999999999998,-0.433883739117558,-0.9009688679024191
75,1.0,0,3,0,3,1,2,14.6087,75.0213807844422,0.203117,837,0,2192,16,1.0,6.123233995736766e-17,1.0,6.123233995736766e-17,0.43388373911755823,-0.900968867902419
501,2.0,1,5,0,2,1,2,24.4667,77.32336795469696,0.147392,779,0,5115,15,1.2246467991473532e-16,-1.0,0.49999999999999994,-0.8660254037844387,0.9749279121818236,-0.22252093395631434
3,1.0,0,1,0,1,1,1,7.8546,31.781978452247888,0.248309,829,0,1349,3,1.0,6.123233995736766e-17,0.49999999999999994,0.8660254037844387,0.7818314824680298,0.6234898018587336
294,4.0,0,10,0,5,1,1,17.1,49.22997311947876,0.221396,918,0,4304,21,-2.4492935982947064e-16,1.0,-0.8660254037844386,0.5000000000000001,-0.9749279121818236,-0.2225209339563146
637,4.0,1,9,0,5,1,2,24.7667,63.99361189319677,0.164179,658,0,7415,28,-2.4492935982947064e-16,1.0,-1.0,-1.8369701987210297e-16,-0.9749279121818236,-0.2225209339563146
270,4.0,0,9,0,2,1,2,25.4667,88.90072815750533,0.118171,903,1,4120,27,-2.4492935982947064e-16,1.0,-1.0,-1.8369701987210297e-16,0.9749279121818236,-0.22252093395631434
454,2.0,1,3,0,4,1,1,19.7667,32.02338057286482,0.31965,956,0,6133,29,1.2246467991473532e-16,-1.0,1.0,6.123233995736766e-17,-0.433883739117558,-0.9009688679024191
2,1.0,0,1,0,6,0,2,14.5391,64.76943803268743,0.2485389999999999,837,1,801,2,1.0,6.123233995736766e-17,0.49999999999999994,0.8660254037844387,-0.7818314824680299,0.6234898018587334
600,3.0,1,8,0,3,1,1,26.7,62.34725962708853,0.0702833,553,0,7375,22,-1.0,-1.8369701987210297e-16,-0.8660254037844385,-0.5000000000000004,0.43388373911755823,-0.900968867902419
231,3.0,0,8,0,5,1,2,27.4,68.1890889810256,0.139308,687,0,4153,19,-1.0,-1.8369701987210297e-16,-0.8660254037844385,-0.5000000000000004,-0.9749279121818236,-0.2225209339563146
694,4.0,1,11,0,6,0,1,11.1333,46.73599901157685,0.376871,496,0,2277,24,-2.4492935982947064e-16,1.0,-0.5000000000000004,0.8660254037844384,-0.7818314824680299,0.6234898018587334
440,1.0,1,3,0,4,1,1,22.3,49.9202761212007,0.149883,624,0,6192,15,1.0,6.123233995736766e-17,1.0,6.123233995736766e-17,-0.433883739117558,-0.9009688679024191
496,2.0,1,5,0,4,1,1,20.2333,46.4152294913349,0.314063,550,0,6572,10,1.2246467991473532e-16,-1.0,0.49999999999999994,-0.8660254037844387,-0.433883739117558,-0.9009688679024191
517,2.0,1,5,0,4,1,1,27.2,38.87415353123889,0.195279,986,0,7338,31,1.2246467991473532e-16,-1.0,0.49999999999999994,-0.8660254037844387,-0.433883739117558,-0.9009688679024191
692,4.0,1,11,1,4,0,1,13.6,50.02657462626645,0.0528708,535,0,2425,22,-2.4492935982947064e-16,1.0,-0.5000000000000004,0.8660254037844384,-0.433883739117558,-0.9009688679024191
639,4.0,1,9,0,6,0,1,21.0667,50.3982370252733,0.134958,952,0,6889,30,-2.4492935982947064e-16,1.0,-1.0,-1.8369701987210297e-16,-0.7818314824680299,0.6234898018587334
612,3.0,1,9,1,1,0,1,28.3,76.84540705062435,0.151121,469,0,6034,3,-1.0,-1.8369701987210297e-16,-1.0,-1.8369701987210297e-16,0.7818314824680298,0.6234898018587336
87,2.0,0,3,0,1,1,1,10.5739,14.562767737766432,0.212204,870,0,2028,28,1.2246467991473532e-16,-1.0,1.0,6.123233995736766e-17,0.7818314824680298,0.6234898018587336
300,4.0,0,10,0,4,1,2,18.8,79.66015067876822,0.197763,518,0,2659,27,-2.4492935982947064e-16,1.0,-0.8660254037844386,0.5000000000000001,-0.433883739117558,-0.9009688679024191
636,4.0,1,9,0,4,1,2,26.0,64.09978294202143,0.134342,472,0,7393,27,-2.4492935982947064e-16,1.0,-1.0,-1.8369701987210297e-16,-0.433883739117558,-0.9009688679024191
663,4.0,1,10,0,3,1,1,23.5,57.142838934822706,0.0727791999999999,707,0,7693,24,-2.4492935982947064e-16,1.0,-0.8660254037844386,0.5000000000000001,0.43388373911755823,-0.900968867902419
629,3.0,1,9,0,4,1,1,21.8667,54.859205463284326,0.118167,990,1,7720,20,-1.0,-1.8369701987210297e-16,-1.0,-1.8369701987210297e-16,-0.433883739117558,-0.9009688679024191
274,4.0,0,10,0,6,0,2,16.4,72.11894726243113,0.292296,628,0,2429,1,-2.4492935982947064e-16,1.0,-0.8660254037844386,0.5000000000000001,-0.7818314824680299,0.6234898018587334
127,2.0,0,5,0,6,0,1,20.8,45.03449603164994,0.16045,1014,0,4714,7,1.2246467991473532e-16,-1.0,0.49999999999999994,-0.8660254037844387,-0.7818314824680299,0.6234898018587334
93,2.0,0,4,0,6,0,1,15.1333,37.22780126513065,0.182213,829,0,3249,3,1.2246467991473532e-16,-1.0,0.8660254037844387,-0.4999999999999998,-0.7818314824680299,0.6234898018587334
525,2.0,1,6,0,5,1,1,25.9667,35.687747504088165,0.1753829999999999,968,0,7736,8,1.2246467991473532e-16,-1.0,1.2246467991473532e-16,-1.0,-0.9749279121818236,-0.2225209339563146
187,3.0,0,7,0,3,1,1,28.8,70.79123559903796,0.149883,780,0,4629,6,-1.0,-1.8369701987210297e-16,-0.4999999999999997,-0.8660254037844388,0.43388373911755823,-0.900968867902419
269,4.0,0,9,0,1,1,2,25.9667,84.17414091307103,0.1107,495,1,4630,26,-2.4492935982947064e-16,1.0,-1.0,-1.8369701987210297e-16,0.7818314824680298,0.6234898018587336
390,1.0,1,1,0,3,1,1,11.7667,58.098760742967926,0.161071,465,0,4270,25,1.0,6.123233995736766e-17,0.49999999999999994,0.8660254037844387,0.43388373911755823,-0.900968867902419
551,3.0,1,7,1,3,0,1,31.5667,44.71585542893487,0.13495,702,0,7403,4,-1.0,-1.8369701987210297e-16,-0.4999999999999997,-0.8660254037844388,0.43388373911755823,-0.900968867902419
564,3.0,1,7,0,2,1,1,32.7333,40.52037834110604,0.114429,809,0,6786,17,-1.0,-1.8369701987210297e-16,-0.4999999999999997,-0.8660254037844388,0.9749279121818236,-0.22252093395631434
463,2.0,1,4,0,6,0,1,17.5,8.443975971949431,0.274871,875,0,6857,7,1.2246467991473532e-16,-1.0,0.8660254037844387,-0.4999999999999998,-0.7818314824680299,0.6234898018587334
669,4.0,1,10,0,2,1,2,12.7273,81.25819702950486,0.213009,846,0,1096,30,-2.4492935982947064e-16,1.0,-0.8660254037844386,0.5000000000000001,0.9749279121818236,-0.22252093395631434
73,1.0,0,3,0,1,1,1,13.0087,39.38907674522645,0.136926,926,0,2046,14,1.0,6.123233995736766e-17,1.0,6.123233995736766e-17,0.7818314824680298,0.6234898018587336
202,3.0,0,7,0,4,1,2,32.6,64.15293219455431,0.222021,788,0,3784,21,-1.0,-1.8369701987210297e-16,-0.4999999999999997,-0.8660254037844388,-0.433883739117558,-0.9009688679024191
610,3.0,1,9,0,6,0,2,30.1333,57.40833028500491,0.113187,823,0,6140,1,-1.0,-1.8369701987210297e-16,-1.0,-1.8369701987210297e-16,-0.7818314824680299,0.6234898018587334
397,1.0,1,2,0,3,1,1,18.7667,40.78599714752933,0.189067,787,0,4579,1,1.0,6.123233995736766e-17,0.8660254037844386,0.5000000000000001,0.43388373911755823,-0.900968867902419
659,4.0,1,10,0,6,0,1,19.3667,49.07065281812123,0.1175369999999999,988,0,8090,20,-2.4492935982947064e-16,1.0,-0.8660254037844386,0.5000000000000001,-0.7818314824680299,0.6234898018587334
507,2.0,1,5,0,1,1,2,23.9333,67.31224978746673,0.233204,967,0,4359,21,1.2246467991473532e-16,-1.0,0.49999999999999994,-0.8660254037844387,0.7818314824680298,0.6234898018587336
641,4.0,1,10,0,2,1,3,23.6333,87.14820484257243,0.104475,499,0,4639,2,-2.4492935982947064e-16,1.0,-0.8660254037844386,0.5000000000000001,0.9749279121818236,-0.22252093395631434
334,4.0,0,11,0,3,1,1,13.0,54.221924257854184,0.271158,832,1,3613,30,-2.4492935982947064e-16,1.0,-0.5000000000000004,0.8660254037844384,0.43388373911755823,-0.900968867902419
668,4.0,1,10,0,1,1,3,17.6,88.21029769954231,0.3582,1028,1,22,29,-2.4492935982947064e-16,1.0,-0.8660254037844386,0.5000000000000001,0.7818314824680298,0.6234898018587336
363,1.0,0,12,0,4,1,1,9.9333,49.22997311947876,0.1194119999999999,728,0,2423,29,1.0,6.123233995736766e-17,-2.4492935982947064e-16,1.0,-0.433883739117558,-0.9009688679024191
526,2.0,1,6,0,6,0,1,28.4333,31.757761766441536,0.144287,593,0,7498,9,1.2246467991473532e-16,-1.0,1.2246467991473532e-16,-1.0,-0.7818314824680299,0.6234898018587334
597,3.0,1,8,0,6,0,2,25.4333,67.31224978746673,0.08645,540,0,4549,19,-1.0,-1.8369701987210297e-16,-0.8660254037844385,-0.5000000000000004,-0.7818314824680299,0.6234898018587334
12,1.0,0,1,0,3,1,1,6.9091,52.46455760576001,0.304627,889,0,1162,12,1.0,6.123233995736766e-17,0.49999999999999994,0.8660254037844387,0.43388373911755823,-0.900968867902419
227,3.0,0,8,0,1,1,1,26.6333,66.80822806509956,0.208954,815,0,4338,15,-1.0,-1.8369701987210297e-16,-0.8660254037844385,-0.5000000000000004,0.7818314824680298,0.6234898018587336
585,3.0,1,8,0,2,1,2,29.4333,65.74613520812967,0.116908,714,0,7273,7,-1.0,-1.8369701987210297e-16,-0.8660254037844385,-0.5000000000000004,0.9749279121818236,-0.22252093395631434
442,1.0,1,3,0,5,0,2,20.5667,72.38443861261334,0.110704,773,1,7836,17,1.0,6.123233995736766e-17,1.0,6.123233995736766e-17,-0.9749279121818236,-0.2225209339563146
645,4.0,1,10,0,6,0,1,22.1667,60.701034817221384,0.268025,755,0,7965,6,-2.4492935982947064e-16,1.0,-0.8660254037844386,0.5000000000000001,-0.7818314824680299,0.6234898018587334
519,2.0,1,6,0,6,0,1,23.3333,46.04356709232803,0.1865619999999999,743,0,8120,2,1.2246467991473532e-16,-1.0,1.2246467991473532e-16,-1.0,-0.7818314824680299,0.6234898018587334
1,1.0,0,1,0,6,0,2,13.7667,78.75725066691479,0.160446,755,0,985,1,1.0,6.123233995736766e-17,0.49999999999999994,0.8660254037844387,-0.7818314824680299,0.6234898018587334
672,4.0,1,11,0,5,1,1,14.2,42.59154225875402,0.266175,578,0,5847,2,-2.4492935982947064e-16,1.0,-0.5000000000000004,0.8660254037844384,-0.9749279121818236,-0.2225209339563146
315,4.0,0,11,1,4,0,1,12.9667,32.92615312847717,0.314675,617,0,3368,11,-2.4492935982947064e-16,1.0,-0.5000000000000004,0.8660254037844384,-0.433883739117558,-0.9009688679024191
161,2.0,0,6,0,5,1,1,30.2,53.1598314008843,0.1405539999999999,840,0,4586,10,1.2246467991473532e-16,-1.0,1.2246467991473532e-16,-1.0,-0.9749279121818236,-0.2225209339563146
553,3.0,1,7,0,5,1,1,33.1333,33.510285081374434,0.146142,797,0,6207,6,-1.0,-1.8369701987210297e-16,-0.4999999999999997,-0.8660254037844388,-0.9749279121818236,-0.2225209339563146
403,1.0,1,2,0,2,1,1,14.1667,39.29896518277863,0.147379,821,0,4375,7,1.0,6.123233995736766e-17,0.8660254037844386,0.5000000000000001,0.9749279121818236,-0.22252093395631434
339,4.0,0,12,0,1,1,2,15.4333,81.4656957899929,0.0622083,628,0,3811,5,-2.4492935982947064e-16,1.0,-2.4492935982947064e-16,1.0,0.7818314824680298,0.6234898018587336
506,2.0,1,5,0,6,0,1,24.8333,43.65376257196499,0.254367,783,0,7129,20,1.2246467991473532e-16,-1.0,0.49999999999999994,-0.8660254037844387,-0.7818314824680299,0.6234898018587334
465,2.0,1,4,0,1,1,1,19.5667,16.516162088650912,0.358196,585,1,5585,9,1.2246467991473532e-16,-1.0,0.8660254037844387,-0.4999999999999998,0.7818314824680298,0.6234898018587336
36,1.0,0,2,0,6,0,2,9.3333,94.4769387050191,0.161079,707,0,1005,5,1.0,6.123233995736766e-17,0.8660254037844386,0.5000000000000001,-0.7818314824680299,0.6234898018587334
725,1.0,1,12,1,2,0,2,11.6522,67.31224978746673,0.168726,699,0,1013,25,1.0,6.123233995736766e-17,-2.4492935982947064e-16,1.0,0.9749279121818236,-0.22252093395631434
56,1.0,0,2,0,5,1,2,14.5739,67.31224978746673,0.346539,493,0,1461,25,1.0,6.123233995736766e-17,0.8660254037844386,0.5000000000000001,-0.9749279121818236,-0.2225209339563146
263,3.0,0,9,0,2,1,2,22.4667,88.36961800089985,0.134954,736,0,3641,20,-1.0,-1.8369701987210297e-16,-1.0,-1.8369701987210297e-16,0.9749279121818236,-0.22252093395631434
132,2.0,0,5,0,4,1,1,21.4,46.73599901157685,0.189667,983,0,4864,12,1.2246467991473532e-16,-1.0,0.49999999999999994,-0.8660254037844387,-0.433883739117558,-0.9009688679024191
188,3.0,0,7,0,4,1,1,30.0,46.73599901157685,0.1592,723,0,4592,7,-1.0,-1.8369701987210297e-16,-0.4999999999999997,-0.8660254037844388,-0.433883739117558,-0.9009688679024191
420,1.0,1,2,0,5,1,2,16.3,70.04778334478316,0.237567,944,0,3487,24,1.0,6.123233995736766e-17,0.8660254037844386,0.5000000000000001,-0.9749279121818236,-0.2225209339563146
449,2.0,1,3,0,6,0,2,20.1,88.90072815750533,0.1927829999999999,618,0,3372,24,1.2246467991473532e-16,-1.0,1.0,6.123233995736766e-17,-0.7818314824680299,0.6234898018587334
145,2.0,0,5,0,3,1,1,26.4333,64.79021339998445,0.1542329999999999,702,0,4978,25,1.2246467991473532e-16,-1.0,0.49999999999999994,-0.8660254037844387,0.43388373911755823,-0.900968867902419
462,2.0,1,4,0,5,1,1,16.1333,46.73599901157685,0.300388,603,0,6460,6,1.2246467991473532e-16,-1.0,0.8660254037844387,-0.4999999999999998,-0.9749279121818236,-0.2225209339563146
427,1.0,1,3,0,5,1,2,14.1333,59.79813480536795,0.144904,867,0,3194,2,1.0,6.123233995736766e-17,1.0,6.123233995736766e-17,-0.9749279121818236,-0.2225209339563146
406,1.0,1,2,0,5,1,2,11.2333,44.8751757302924,0.1169289999999999,764,0,3831,10,1.0,6.123233995736766e-17,0.8660254037844386,0.5000000000000001,-0.9749279121818236,-0.2225209339563146
401,1.0,1,2,0,6,0,2,10.6333,63.72812054301458,0.175996,769,0,2947,5,1.0,6.123233995736766e-17,0.8660254037844386,0.5000000000000001,-0.7818314824680299,0.6234898018587334
402,1.0,1,2,0,1,1,1,11.3044,55.348764885295765,0.1538,750,0,3784,6,1.0,6.123233995736766e-17,0.8660254037844386,0.5000000000000001,0.7818314824680298,0.6234898018587336
160,2.0,0,6,0,4,1,2,32.3333,48.48639340898286,0.149883,906,0,3915,9,1.2246467991473532e-16,-1.0,1.2246467991473532e-16,-1.0,-0.433883739117558,-0.9009688679024191
171,2.0,0,6,0,1,1,2,25.4,71.16302545428591,0.155475,1018,0,4010,20,1.2246467991473532e-16,-1.0,1.2246467991473532e-16,-1.0,0.7818314824680298,0.6234898018587336
112,2.0,0,4,0,5,1,2,13.4667,69.03871228410507,0.219521,540,1,1683,22,1.2246467991473532e-16,-1.0,0.8660254037844387,-0.4999999999999998,-0.9749279121818236,-0.2225209339563146
262,3.0,0,9,0,1,1,2,21.9667,63.99361189319677,0.151742,912,0,4539,19,-1.0,-1.8369701987210297e-16,-1.0,-1.8369701987210297e-16,0.7818314824680298,0.6234898018587336
348,4.0,0,12,0,2,1,2,12.7,60.64788556468851,0.0609583,781,1,3740,14,-2.4492935982947064e-16,1.0,-2.4492935982947064e-16,1.0,0.9749279121818236,-0.22252093395631434
518,2.0,1,6,0,5,1,2,26.1667,72.33141681632155,0.237563,853,1,4127,1,1.2246467991473532e-16,-1.0,1.2246467991473532e-16,-1.0,-0.9749279121818236,-0.2225209339563146
265,3.0,0,9,0,4,1,2,25.1333,91.02491387144511,0.128125,919,0,4795,22,-1.0,-1.8369701987210297e-16,-1.0,-1.8369701987210297e-16,-0.433883739117558,-0.9009688679024191
324,4.0,0,11,0,6,0,2,18.5333,63.30318143523375,0.18595,1032,1,3520,20,-2.4492935982947064e-16,1.0,-0.5000000000000004,0.8660254037844384,-0.7818314824680299,0.6234898018587334
405,1.0,1,2,0,4,1,1,10.6,47.68979190219518,0.194037,1010,0,3830,9,1.0,6.123233995736766e-17,0.8660254037844386,0.5000000000000001,-0.433883739117558,-0.9009688679024191
45,1.0,0,2,0,1,1,1,16.6,23.95106699992225,0.417908,949,1,1913,14,1.0,6.123233995736766e-17,0.8660254037844386,0.5000000000000001,0.7818314824680298,0.6234898018587336
314,4.0,0,11,0,3,1,2,15.2,79.71317247506,0.189067,684,1,2933,10,-2.4492935982947064e-16,1.0,-0.5000000000000004,0.8660254037844384,0.43388373911755823,-0.900968867902419
676,4.0,1,11,0,2,1,1,11.2333,48.327073107625324,0.173513,677,0,5686,6,-2.4492935982947064e-16,1.0,-0.5000000000000004,0.8660254037844384,0.9749279121818236,-0.22252093395631434
360,1.0,0,12,1,1,0,1,12.8696,40.663639156086745,0.239465,465,0,1317,26,1.0,6.123233995736766e-17,-2.4492935982947064e-16,1.0,0.7818314824680298,0.6234898018587336
353,4.0,0,12,0,1,1,1,11.0667,57.302159236180245,0.172896,703,0,3403,19,-2.4492935982947064e-16,1.0,-2.4492935982947064e-16,1.0,0.7818314824680298,0.6234898018587336
664,4.0,1,10,0,4,1,2,22.0,78.06694766519286,0.124375,492,0,7359,25,-2.4492935982947064e-16,1.0,-0.8660254037844386,0.5000000000000001,-0.433883739117558,-0.9009688679024191
84,2.0,0,3,0,5,1,1,10.5667,39.13964488142109,0.230725,776,0,2210,25,1.2246467991473532e-16,-1.0,1.0,6.123233995736766e-17,-0.9749279121818236,-0.2225209339563146
235,3.0,0,8,0,2,1,1,25.6333,34.0945444905128,0.146763,982,0,5895,23,-1.0,-1.8369701987210297e-16,-0.8660254037844385,-0.5000000000000004,0.9749279121818236,-0.22252093395631434
581,3.0,1,8,0,5,1,2,30.6333,57.93944044161039,0.215792,937,1,7175,3,-1.0,-1.8369701987210297e-16,-0.8660254037844385,-0.5000000000000004,-0.9749279121818236,-0.2225209339563146
508,2.0,1,5,0,2,1,2,24.6,73.65900102347362,0.118167,576,0,6073,22,1.2246467991473532e-16,-1.0,0.49999999999999994,-0.8660254037844387,0.9749279121818236,-0.22252093395631434
243,3.0,0,8,0,3,1,1,26.2667,52.257058845271956,0.0833333,628,0,5058,31,-1.0,-1.8369701987210297e-16,-0.8660254037844385,-0.5000000000000004,0.43388373911755823,-0.900968867902419
485,2.0,1,4,0,6,0,1,18.3333,50.87619792934592,0.116908,869,0,6304,29,1.2246467991473532e-16,-1.0,0.8660254037844387,-0.4999999999999998,-0.7818314824680299,0.6234898018587334
482,2.0,1,4,0,4,1,2,19.9333,67.31224978746673,0.176625,946,0,5026,26,1.2246467991473532e-16,-1.0,0.8660254037844387,-0.4999999999999998,-0.433883739117558,-0.9009688679024191
702,4.0,1,12,0,6,0,2,13.9,80.9877348859203,0.1243789999999999,702,0,4649,2,-2.4492935982947064e-16,1.0,-2.4492935982947064e-16,1.0,-0.7818314824680299,0.6234898018587334
70,1.0,0,3,0,5,1,2,12.6609,58.83991878488318,0.2329699999999999,487,1,1977,11,1.0,6.123233995736766e-17,1.0,6.123233995736766e-17,-0.9749279121818236,-0.2225209339563146
152,2.0,0,6,0,3,1,2,30.5667,62.34725962708853,0.207092,694,0,3974,1,1.2246467991473532e-16,-1.0,1.2246467991473532e-16,-1.0,0.43388373911755823,-0.900968867902419
81,2.0,0,3,0,2,1,1,17.6667,55.65580697007201,0.22575,551,0,2703,22,1.2246467991473532e-16,-1.0,1.0,6.123233995736766e-17,0.9749279121818236,-0.22252093395631434
667,4.0,1,10,0,6,0,2,19.1,64.57774384609405,0.398008,822,0,4459,28,-2.4492935982947064e-16,1.0,-0.8660254037844386,0.5000000000000001,-0.7818314824680299,0.6234898018587334
558,3.0,1,7,0,3,1,1,28.6667,56.771049079574766,0.1517329999999999,707,0,7264,11,-1.0,-1.8369701987210297e-16,-0.4999999999999997,-0.8660254037844388,0.43388373911755823,-0.900968867902419
404,1.0,1,2,0,3,1,2,10.2667,68.1890889810256,0.133721,510,0,2802,8,1.0,6.123233995736766e-17,0.8660254037844386,0.5000000000000001,0.43388373911755823,-0.900968867902419
515,2.0,1,5,0,2,1,1,28.9,63.30318143523375,0.2954,598,1,5743,29,1.2246467991473532e-16,-1.0,0.49999999999999994,-0.8660254037844387,0.9749279121818236,-0.22252093395631434
617,3.0,1,9,0,6,0,2,26.3667,77.90762736383532,0.281104,824,0,5976,8,-1.0,-1.8369701987210297e-16,-1.0,-1.8369701987210297e-16,-0.7818314824680299,0.6234898018587334
216,3.0,0,8,0,4,1,2,28.4,72.59690816650374,0.19715,939,1,4576,4,-1.0,-1.8369701987210297e-16,-0.8660254037844385,-0.5000000000000004,-0.433883739117558,-0.9009688679024191
596,3.0,1,8,0,6,0,1,27.1333,52.947361846993886,0.177867,507,0,7865,18,-1.0,-1.8369701987210297e-16,-0.8660254037844385,-0.5000000000000004,-0.7818314824680299,0.6234898018587334
151,2.0,0,5,0,2,1,1,31.0,57.19598818735558,0.111329,843,0,3982,31,1.2246467991473532e-16,-1.0,0.49999999999999994,-0.8660254037844387,0.9749279121818236,-0.22252093395631434
423,1.0,1,2,0,1,1,1,14.6667,38.6085347248156,0.2680329999999999,490,0,4322,27,1.0,6.123233995736766e-17,0.8660254037844386,0.5000000000000001,0.7818314824680298,0.6234898018587336
380,1.0,1,1,0,6,0,1,6.6667,29.474255751144245,0.251258,871,1,2311,15,1.0,6.123233995736766e-17,0.49999999999999994,0.8660254037844387,-0.7818314824680299,0.6234898018587334
142,2.0,0,5,0,6,0,1,24.1667,71.58783710582566,0.148008,703,0,4660,22,1.2246467991473532e-16,-1.0,0.49999999999999994,-0.8660254037844387,-0.7818314824680299,0.6234898018587334
106,2.0,0,4,0,6,0,3,17.2333,89.2723905565122,0.340808,577,0,795,16,1.2246467991473532e-16,-1.0,0.8660254037844387,-0.4999999999999998,-0.7818314824680299,0.6234898018587334
6,1.0,0,1,0,4,1,1,8.1739,42.10440450532322,0.0895652,734,1,1606,6,1.0,6.123233995736766e-17,0.49999999999999994,0.8660254037844387,-0.433883739117558,-0.9009688679024191
226,3.0,0,8,0,6,0,2,27.0667,80.2442826316655,0.222633,959,0,3820,14,-1.0,-1.8369701987210297e-16,-0.8660254037844385,-0.5000000000000004,-0.7818314824680299,0.6234898018587334
661,4.0,1,10,0,1,1,1,19.5,48.48639340898286,0.0814833,599,0,7058,22,-2.4492935982947064e-16,1.0,-0.8660254037844386,0.5000000000000001,0.7818314824680298,0.6234898018587336
370,1.0,1,1,0,4,1,1,10.6333,42.85716106517731,0.129987,983,0,3272,5,1.0,6.123233995736766e-17,0.49999999999999994,0.8660254037844387,-0.433883739117558,-0.9009688679024191
307,4.0,0,11,0,4,1,1,16.3333,46.73599901157685,0.136817,1021,0,3974,3,-2.4492935982947064e-16,1.0,-0.5000000000000004,0.8660254037844384,-0.433883739117558,-0.9009688679024191
479,2.0,1,4,0,1,1,2,12.8667,73.76529952853937,0.303496,512,1,3214,23,1.2246467991473532e-16,-1.0,0.8660254037844387,-0.4999999999999998,0.7818314824680298,0.6234898018587336
78,1.0,0,3,0,6,0,1,18.9,24.376006107703073,0.368167,1022,1,3117,19,1.0,6.123233995736766e-17,1.0,6.123233995736766e-17,-0.7818314824680299,0.6234898018587334
566,3.0,1,7,0,4,1,1,30.8,52.575699447987034,0.165429,602,0,6591,19,-1.0,-1.8369701987210297e-16,-0.4999999999999997,-0.8660254037844388,-0.433883739117558,-0.9009688679024191
541,3.0,1,6,0,6,0,1,29.7333,37.12163021630599,0.145525,731,0,6891,24,-1.0,-1.8369701987210297e-16,1.2246467991473532e-16,-1.0,-0.7818314824680299,0.6234898018587334
472,2.0,1,4,1,1,0,1,26.5667,47.636770105903395,0.284829,740,0,6370,16,1.2246467991473532e-16,-1.0,0.8660254037844387,-0.4999999999999998,0.7818314824680298,0.6234898018587336
148,2.0,0,5,0,6,0,1,26.2333,69.03871228410507,0.230092,712,0,4758,28,1.2246467991473532e-16,-1.0,0.49999999999999994,-0.8660254037844387,-0.7818314824680299,0.6234898018587334
9,1.0,0,1,0,6,0,1,5.5333,31.386099367434678,0.36195,836,0,822,9,1.0,6.123233995736766e-17,0.49999999999999994,0.8660254037844387,-0.7818314824680299,0.6234898018587334
630,3.0,1,9,0,5,1,1,23.9667,61.285166770118664,0.154229,902,0,8167,21,-1.0,-1.8369701987210297e-16,-1.0,-1.8369701987210297e-16,-0.9749279121818236,-0.2225209339563146
83,2.0,0,3,0,4,1,2,11.4,78.75725066691479,0.2437869999999999,861,0,1865,24,1.2246467991473532e-16,-1.0,1.0,6.123233995736766e-17,-0.433883739117558,-0.9009688679024191
20,1.0,0,1,0,4,1,2,10.4667,67.31224978746673,0.195904,992,0,1927,20,1.0,6.123233995736766e-17,0.49999999999999994,0.8660254037844387,-0.433883739117558,-0.9009688679024191
33,1.0,0,2,0,3,1,2,10.4,74.88054163804213,0.264308,678,0,1526,2,1.0,6.123233995736766e-17,0.8660254037844386,0.5000000000000001,0.43388373911755823,-0.900968867902419
489,2.0,1,5,0,4,1,2,22.4,73.9776416261887,0.133696,908,1,6421,3,1.2246467991473532e-16,-1.0,0.49999999999999994,-0.8660254037844387,-0.433883739117558,-0.9009688679024191
565,3.0,1,7,0,3,1,1,31.7333,49.60163551848562,0.137442,977,0,5713,18,-1.0,-1.8369701987210297e-16,-0.4999999999999997,-0.8660254037844388,0.43388373911755823,-0.900968867902419
385,1.0,1,1,0,5,1,2,8.7,33.40411403254977,0.20275,584,0,3163,20,1.0,6.123233995736766e-17,0.49999999999999994,0.8660254037844387,-0.9749279121818236,-0.2225209339563146
32,1.0,0,2,0,2,1,2,7.687,81.78204218036844,0.0532129999999999,914,0,1360,1,1.0,6.123233995736766e-17,0.8660254037844386,0.5000000000000001,0.9749279121818236,-0.22252093395631434
292,4.0,0,10,0,3,1,3,21.6696,90.1497993201484,0.243339,502,0,2424,19,-2.4492935982947064e-16,1.0,-0.8660254037844386,0.5000000000000001,0.43388373911755823,-0.900968867902419
473,2.0,1,4,0,2,1,1,24.3333,25.809888819920904,0.273629,633,0,6691,17,1.2246467991473532e-16,-1.0,0.8660254037844387,-0.4999999999999998,0.9749279121818236,-0.22252093395631434
546,3.0,1,6,0,5,1,1,33.3667,38.34304337463341,0.165417,600,0,5463,29,-1.0,-1.8369701987210297e-16,1.2246467991473532e-16,-1.0,-0.9749279121818236,-0.2225209339563146
719,4.0,1,12,0,3,1,1,13.3,55.76210547513776,0.184092,951,0,5267,19,-2.4492935982947064e-16,1.0,-2.4492935982947064e-16,1.0,0.43388373911755823,-0.900968867902419
447,2.0,1,3,0,4,1,1,22.1667,81.9968059465984,0.1175619999999999,750,0,6871,22,1.2246467991473532e-16,-1.0,1.0,6.123233995736766e-17,-0.433883739117558,-0.9009688679024191
117,2.0,0,4,0,3,1,2,24.8,82.52791610320388,0.3122,849,1,3872,27,1.2246467991473532e-16,-1.0,0.8660254037844387,-0.4999999999999998,0.43388373911755823,-0.900968867902419
213,3.0,0,8,0,1,1,1,30.8667,46.73599901157685,0.156717,533,0,4266,1,-1.0,-1.8369701987210297e-16,-0.8660254037844385,-0.5000000000000004,0.7818314824680298,0.6234898018587336
543,3.0,1,6,0,2,1,1,25.2333,23.63242639720718,0.347642,683,0,7442,26,-1.0,-1.8369701987210297e-16,1.2246467991473532e-16,-1.0,0.9749279121818236,-0.22252093395631434
144,2.0,0,5,0,2,1,2,26.4,70.4725949963229,0.207092,829,0,4492,24,1.2246467991473532e-16,-1.0,0.49999999999999994,-0.8660254037844387,0.9749279121818236,-0.22252093395631434
31,1.0,0,1,0,1,1,2,7.2333,53.00051109952676,0.187192,901,0,1501,31,1.0,6.123233995736766e-17,0.49999999999999994,0.8660254037844387,0.7818314824680298,0.6234898018587336
625,3.0,1,9,0,6,0,1,23.2,48.69886296287328,0.0901833,589,0,7333,16,-1.0,-1.8369701987210297e-16,-1.0,-1.8369701987210297e-16,-0.7818314824680299,0.6234898018587334
67,1.0,0,3,0,2,1,1,11.7,29.686597848793564,0.12065,924,0,2133,8,1.0,6.123233995736766e-17,1.0,6.123233995736766e-17,0.9749279121818236,-0.22252093395631434
655,4.0,1,10,0,2,1,1,18.7333,47.21183099812258,0.182221,513,0,7534,16,-2.4492935982947064e-16,1.0,-0.8660254037844386,0.5000000000000001,0.9749279121818236,-0.22252093395631434
43,1.0,0,2,0,6,0,1,8.9,45.40628588689789,0.203367,709,0,1472,12,1.0,6.123233995736766e-17,0.8660254037844386,0.5000000000000001,-0.7818314824680299,0.6234898018587334
228,3.0,0,8,0,2,1,1,28.0333,49.76095581984316,0.2363289999999999,1019,0,4725,16,-1.0,-1.8369701987210297e-16,-0.8660254037844385,-0.5000000000000004,0.9749279121818236,-0.22252093395631434
58,1.0,0,2,0,6,0,1,13.7391,62.71904948233649,0.125248,736,0,2402,27,1.0,6.123233995736766e-17,0.8660254037844386,0.5000000000000001,-0.7818314824680299,0.6234898018587334
326,4.0,0,11,0,2,1,3,16.6667,98.72543758913972,0.118792,525,0,1607,22,-2.4492935982947064e-16,1.0,-0.5000000000000004,0.8660254037844384,0.9749279121818236,-0.22252093395631434
240,3.0,0,8,0,6,0,1,28.2824,47.649260817529836,0.304659,615,0,4334,28,-1.0,-1.8369701987210297e-16,-0.8660254037844385,-0.5000000000000004,-0.7818314824680299,0.6234898018587334
54,1.0,0,2,0,3,1,1,8.8696,29.968276141593687,0.094113,674,1,1917,23,1.0,6.123233995736766e-17,0.8660254037844386,0.5000000000000001,0.43388373911755823,-0.900968867902419
23,1.0,0,1,0,6,0,1,3.8609,31.68625881519228,0.2466,932,1,986,23,1.0,6.123233995736766e-17,0.49999999999999994,0.8660254037844387,-0.7818314824680299,0.6234898018587334
237,3.0,0,8,0,4,1,2,27.3667,74.40258073396951,0.210833,786,0,3542,25,-1.0,-1.8369701987210297e-16,-0.8660254037844385,-0.5000000000000004,-0.433883739117558,-0.9009688679024191
713,4.0,1,12,0,4,1,1,11.8333,37.971253519385456,0.174129,676,0,5532,13,-2.4492935982947064e-16,1.0,-2.4492935982947064e-16,1.0,-0.433883739117558,-0.9009688679024191
563,3.0,1,7,0,1,1,1,30.5333,58.258081044325465,0.164187,639,0,6830,16,-1.0,-1.8369701987210297e-16,-0.4999999999999997,-0.8660254037844388,0.7818314824680298,0.6234898018587336
372,1.0,1,1,0,6,0,1,15.7333,43.81308287332253,0.174758,827,0,4521,7,1.0,6.123233995736766e-17,0.49999999999999994,0.8660254037844387,-0.7818314824680299,0.6234898018587334
190,3.0,0,7,0,6,0,1,29.3333,53.69094155748978,0.1679119999999999,755,0,5336,9,-1.0,-1.8369701987210297e-16,-0.4999999999999997,-0.8660254037844388,-0.7818314824680299,0.6234898018587334
13,1.0,0,1,0,4,1,1,6.6,36.00638810680324,0.301,572,1,1406,13,1.0,6.123233995736766e-17,0.49999999999999994,0.8660254037844387,-0.433883739117558,-0.9009688679024191
428,1.0,1,3,0,6,0,2,16.5667,55.23099531853228,0.161079,642,0,4066,3,1.0,6.123233995736766e-17,1.0,6.123233995736766e-17,-0.7818314824680299,0.6234898018587334
222,3.0,0,8,0,3,1,1,30.6667,30.111536956574387,0.200258,709,0,4780,10,-1.0,-1.8369701987210297e-16,-0.8660254037844385,-0.5000000000000004,0.43388373911755823,-0.900968867902419
197,3.0,0,7,0,6,0,1,27.4667,50.61070657916372,0.1775585,731,0,5923,16,-1.0,-1.8369701987210297e-16,-0.4999999999999997,-0.8660254037844388,-0.7818314824680299,0.6234898018587334
561,3.0,1,7,0,6,0,2,28.1333,65.1620032552324,0.143679,809,0,6969,14,-1.0,-1.8369701987210297e-16,-0.4999999999999997,-0.8660254037844388,-0.7818314824680299,0.6234898018587334
379,1.0,1,1,0,6,0,1,7.2,34.36003584069499,0.187183,944,0,2493,14,1.0,6.123233995736766e-17,0.49999999999999994,0.8660254037844387,-0.7818314824680299,0.6234898018587334
328,4.0,0,11,1,4,0,1,14.9333,46.04356709232803,0.167304,785,0,1495,24,-2.4492935982947064e-16,1.0,-0.5000000000000004,0.8660254037844384,-0.433883739117558,-0.9009688679024191
26,1.0,0,1,0,3,1,3,8.7,85.9798134805368,0.29385,602,0,506,26,1.0,6.123233995736766e-17,0.49999999999999994,0.8660254037844387,0.43388373911755823,-0.900968867902419
254,3.0,0,9,0,6,0,1,26.1333,67.02069761898997,0.1150539999999999,1005,0,5046,11,-1.0,-1.8369701987210297e-16,-1.0,-1.8369701987210297e-16,-0.7818314824680299,0.6234898018587334
493,2.0,1,5,0,1,1,2,21.5,60.701034817221384,0.230721,893,1,6273,7,1.2246467991473532e-16,-1.0,0.49999999999999994,-0.8660254037844387,0.7818314824680298,0.6234898018587336
97,2.0,0,4,0,4,1,1,17.5,52.8943400507021,0.1623119999999999,929,0,3141,7,1.2246467991473532e-16,-1.0,0.8660254037844387,-0.4999999999999998,-0.433883739117558,-0.9009688679024191
626,3.0,1,9,0,1,1,2,23.2333,69.67599348953522,0.151742,848,0,6869,17,-1.0,-1.8369701987210297e-16,-1.0,-1.8369701987210297e-16,0.7818314824680298,0.6234898018587336
410,1.0,1,2,0,2,1,2,12.7667,40.89216819635399,0.141179,921,1,3922,14,1.0,6.123233995736766e-17,0.8660254037844386,0.5000000000000001,0.9749279121818236,-0.22252093395631434
163,2.0,0,6,0,6,0,1,27.7,71.37549500817633,0.163567,495,0,4460,12,1.2246467991473532e-16,-1.0,1.2246467991473532e-16,-1.0,-0.7818314824680299,0.6234898018587334
490,2.0,1,5,0,5,1,1,25.1,69.78229199460097,0.162938,476,0,6296,4,1.2246467991473532e-16,-1.0,0.49999999999999994,-0.8660254037844387,-0.9749279121818236,-0.2225209339563146
680,4.0,1,11,0,6,0,1,15.5667,58.31123029685834,0.0578458,901,0,6536,10,-2.4492935982947064e-16,1.0,-0.5000000000000004,0.8660254037844384,-0.7818314824680299,0.6234898018587334
302,4.0,0,10,0,6,0,3,10.1667,88.52893830225739,0.351371,936,0,627,29,-2.4492935982947064e-16,1.0,-0.8660254037844386,0.5000000000000001,-0.7818314824680299,0.6234898018587334
601,3.0,1,8,0,4,1,1,27.8333,57.08968968228983,0.0845958,665,0,7765,23,-1.0,-1.8369701987210297e-16,-0.8660254037844385,-0.5000000000000004,-0.433883739117558,-0.9009688679024191
128,2.0,0,5,0,6,0,1,21.1333,56.55870698192544,0.0746375,991,0,4333,8,1.2246467991473532e-16,-1.0,0.49999999999999994,-0.8660254037844387,-0.7818314824680299,0.6234898018587334
537,2.0,1,6,0,3,1,1,31.3,51.51347913477606,0.1138119999999999,772,0,6211,20,1.2246467991473532e-16,-1.0,1.2246467991473532e-16,-1.0,0.43388373911755823,-0.900968867902419
539,3.0,1,6,0,5,1,1,31.1,49.176823866945895,0.182842,885,0,5823,22,-1.0,-1.8369701987210297e-16,1.2246467991473532e-16,-1.0,-0.9749279121818236,-0.2225209339563146
153,2.0,0,6,0,4,1,1,28.6,14.92295907507555,0.2922869999999999,740,1,4968,2,1.2246467991473532e-16,-1.0,1.2246467991473532e-16,-1.0,-0.433883739117558,-0.9009688679024191
542,3.0,1,6,0,1,1,1,28.6333,40.308036243456726,0.300383,932,1,6779,25,-1.0,-1.8369701987210297e-16,1.2246467991473532e-16,-1.0,0.7818314824680298,0.6234898018587336
5,1.0,0,1,0,3,1,1,9.0783,31.741702280064697,0.1869,745,0,1600,5,1.0,6.123233995736766e-17,0.49999999999999994,0.8660254037844387,0.43388373911755823,-0.900968867902419
214,3.0,0,8,0,2,1,1,31.3333,38.661683977348474,0.20585,617,0,4845,2,-1.0,-1.8369701987210297e-16,-0.8660254037844385,-0.5000000000000004,0.9749279121818236,-0.22252093395631434
648,4.0,1,10,0,2,1,2,17.8667,73.12801832310923,0.1903,611,0,6392,9,-2.4492935982947064e-16,1.0,-0.8660254037844386,0.5000000000000001,0.9749279121818236,-0.22252093395631434
429,1.0,1,3,0,6,0,1,13.0333,27.456113629788053,0.334571,569,0,3423,4,1.0,6.123233995736766e-17,1.0,6.123233995736766e-17,-0.7818314824680299,0.6234898018587334
620,3.0,1,9,0,2,1,1,23.1,42.326050908571816,0.0920541999999999,469,0,7767,11,-1.0,-1.8369701987210297e-16,-1.0,-1.8369701987210297e-16,0.9749279121818236,-0.22252093395631434
590,3.0,1,8,0,6,0,1,28.0333,43.65376257196499,0.122512,513,0,6544,12,-1.0,-1.8369701987210297e-16,-0.8660254037844385,-0.5000000000000004,-0.7818314824680299,0.6234898018587334
108,2.0,0,4,0,1,1,1,20.5,45.193816333007476,0.163567,637,0,3429,18,1.2246467991473532e-16,-1.0,0.8660254037844387,-0.4999999999999998,0.7818314824680298,0.6234898018587336
362,1.0,0,12,0,3,1,1,11.9652,40.27566235822087,0.293961,840,0,2302,28,1.0,6.123233995736766e-17,-2.4492935982947064e-16,1.0,0.43388373911755823,-0.900968867902419
622,3.0,1,9,0,4,1,1,24.5,57.24900998364737,0.0827208,702,0,7804,13,-1.0,-1.8369701987210297e-16,-1.0,-1.8369701987210297e-16,-0.433883739117558,-0.9009688679024191
355,1.0,0,12,0,3,1,2,17.1333,85.44870332393133,0.2214,942,0,2660,21,1.0,6.123233995736766e-17,-2.4492935982947064e-16,1.0,0.43388373911755823,-0.900968867902419
55,1.0,0,2,0,4,1,2,11.8261,64.93564097106362,0.250496,759,0,1807,24,1.0,6.123233995736766e-17,0.8660254037844386,0.5000000000000001,-0.433883739117558,-0.9009688679024191
42,1.0,0,2,0,5,1,1,7.5636,40.58805760512273,0.10855,946,0,1746,11,1.0,6.123233995736766e-17,0.8660254037844386,0.5000000000000001,-0.9749279121818236,-0.2225209339563146
522,2.0,1,6,0,2,1,2,21.6333,54.221924257854184,0.209575,831,0,7001,5,1.2246467991473532e-16,-1.0,1.2246467991473532e-16,-1.0,0.9749279121818236,-0.22252093395631434
381,1.0,1,1,1,1,0,1,7.6,42.644691511286894,0.2313579999999999,709,0,2298,16,1.0,6.123233995736766e-17,0.49999999999999994,0.8660254037844387,0.7818314824680298,0.6234898018587336
688,4.0,1,11,0,6,0,1,13.7,64.36540174844473,0.2276119999999999,899,0,4669,18,-2.4492935982947064e-16,1.0,-0.5000000000000004,0.8660254037844384,-0.7818314824680299,0.6234898018587334
29,1.0,0,1,0,6,0,1,7.8609,46.73599901157685,0.145365,1018,0,1098,29,1.0,6.123233995736766e-17,0.49999999999999994,0.8660254037844387,-0.7818314824680299,0.6234898018587334
62,1.0,0,3,0,4,1,1,7.9333,16.622333137475575,0.225754,759,0,1685,3,1.0,6.123233995736766e-17,1.0,6.123233995736766e-17,-0.433883739117558,-0.9009688679024191
259,3.0,0,9,0,5,1,2,18.7667,51.301137037126736,0.164183,467,0,4760,16,-1.0,-1.8369701987210297e-16,-1.0,-1.8369701987210297e-16,-0.9749279121818236,-0.2225209339563146
47,1.0,0,2,0,3,1,1,12.7304,30.023719606466113,0.251791,1029,0,2115,16,1.0,6.123233995736766e-17,0.8660254037844386,0.5000000000000001,0.43388373911755823,-0.900968867902419
118,2.0,0,4,0,4,1,2,24.7,67.31224978746673,0.3209079999999999,763,0,4058,28,1.2246467991473532e-16,-1.0,0.8660254037844387,-0.4999999999999998,-0.433883739117558,-0.9009688679024191
258,3.0,0,9,0,4,1,2,23.1,66.4365656660927,0.271146,501,0,3659,15,-1.0,-1.8369701987210297e-16,-1.0,-1.8369701987210297e-16,-0.433883739117558,-0.9009688679024191
598,3.0,1,8,0,1,1,2,25.4333,69.62297169324343,0.1299789999999999,611,0,6530,20,-1.0,-1.8369701987210297e-16,-0.8660254037844385,-0.5000000000000004,0.7818314824680298,0.6234898018587336
299,4.0,0,10,0,3,1,2,19.3667,67.87044837831053,0.148642,605,0,3894,26,-2.4492935982947064e-16,1.0,-0.8660254037844386,0.5000000000000001,0.43388373911755823,-0.900968867902419
224,3.0,0,8,0,5,1,1,28.3333,28.94314559453876,0.1775585,835,0,4905,12,-1.0,-1.8369701987210297e-16,-0.8660254037844385,-0.5000000000000004,-0.9749279121818236,-0.2225209339563146
708,4.0,1,12,0,6,0,2,15.2667,92.19330523348073,0.101379,620,0,5582,8,-2.4492935982947064e-16,1.0,-2.4492935982947064e-16,1.0,-0.7818314824680299,0.6234898018587334
633,4.0,1,9,0,1,1,1,20.5667,38.87415353123889,0.142404,944,1,7436,24,-2.4492935982947064e-16,1.0,-1.0,-1.8369701987210297e-16,0.7818314824680298,0.6234898018587336
309,4.0,0,11,0,6,0,1,13.0667,42.21987985974717,0.1890619999999999,563,0,3926,5,-2.4492935982947064e-16,1.0,-0.5000000000000004,0.8660254037844384,-0.7818314824680299,0.6234898018587334
562,3.0,1,7,0,6,0,1,29.8333,67.55180777559545,0.166667,690,1,6031,15,-1.0,-1.8369701987210297e-16,-0.4999999999999997,-0.8660254037844388,-0.7818314824680299,0.6234898018587334
322,4.0,0,11,0,5,1,1,10.9667,28.30586438910861,0.168533,673,0,3392,18,-2.4492935982947064e-16,1.0,-0.5000000000000004,0.8660254037844384,-0.9749279121818236,-0.2225209339563146
329,4.0,0,11,0,5,1,1,15.0,58.098760742967926,0.0988958,931,0,2792,25,-2.4492935982947064e-16,1.0,-0.5000000000000004,0.8660254037844384,-0.9749279121818236,-0.2225209339563146
319,4.0,0,11,0,2,1,2,21.2,63.834291591839246,0.199633,852,0,4195,15,-2.4492935982947064e-16,1.0,-0.5000000000000004,0.8660254037844384,0.9749279121818236,-0.22252093395631434
386,1.0,1,1,0,6,0,2,6.9333,81.9968059465984,0.222642,798,0,1301,21,1.0,6.123233995736766e-17,0.49999999999999994,0.8660254037844387,-0.7818314824680299,0.6234898018587334
684,4.0,1,11,0,3,1,1,11.5667,46.4152294913349,0.199625,478,0,5495,14,-2.4492935982947064e-16,1.0,-0.5000000000000004,0.8660254037844384,0.43388373911755823,-0.900968867902419
644,4.0,1,10,0,5,1,1,24.6,56.02759682531996,0.10635,484,0,8156,5,-2.4492935982947064e-16,1.0,-0.8660254037844386,0.5000000000000001,-0.9749279121818236,-0.2225209339563146
391,1.0,1,1,0,4,1,2,13.6667,74.13696192754624,0.0733958,784,1,4075,26,1.0,6.123233995736766e-17,0.49999999999999994,0.8660254037844387,-0.433883739117558,-0.9009688679024191
110,2.0,0,4,0,3,1,1,23.8,54.328222762919935,0.241925,750,1,3944,20,1.2246467991473532e-16,-1.0,0.8660254037844387,-0.4999999999999998,0.43388373911755823,-0.900968867902419
673,4.0,1,11,0,6,0,2,13.7333,38.661683977348474,0.270529,827,0,5138,3,-2.4492935982947064e-16,1.0,-0.5000000000000004,0.8660254037844384,-0.7818314824680299,0.6234898018587334
50,1.0,0,2,0,6,0,1,15.9667,0.0,0.507463,623,0,1635,19,1.0,6.123233995736766e-17,0.8660254037844386,0.5000000000000001,-0.7818314824680299,0.6234898018587334
715,4.0,1,12,0,6,0,1,12.9667,58.94851150228848,0.10635,619,0,5047,15,-2.4492935982947064e-16,1.0,-2.4492935982947064e-16,1.0,-0.7818314824680299,0.6234898018587334
253,3.0,0,9,0,6,0,1,26.4,72.11894726243113,0.153608,560,0,5345,10,-1.0,-1.8369701987210297e-16,-1.0,-1.8369701987210297e-16,-0.7818314824680299,0.6234898018587334
288,4.0,0,10,0,6,0,1,20.2667,37.65261291667039,0.258083,1021,1,5217,15,-2.4492935982947064e-16,1.0,-0.8660254037844386,0.5000000000000001,-0.7818314824680299,0.6234898018587334
40,1.0,0,2,0,3,1,2,5.3913,39.11198687710542,0.188839,474,0,1605,9,1.0,6.123233995736766e-17,0.8660254037844386,0.5000000000000001,0.43388373911755823,-0.900968867902419
701,4.0,1,12,0,6,0,2,11.9333,78.86354917198054,0.0597041999999999,602,0,5191,1,-2.4492935982947064e-16,1.0,-2.4492935982947064e-16,1.0,-0.7818314824680299,0.6234898018587334
340,4.0,0,12,0,2,1,3,18.5,97.07908532303149,0.2325829999999999,459,0,2594,6,-2.4492935982947064e-16,1.0,-2.4492935982947064e-16,1.0,0.9749279121818236,-0.22252093395631434
392,1.0,1,1,0,5,1,2,17.0,70.52574424885577,0.342667,977,0,3456,27,1.0,6.123233995736766e-17,0.49999999999999994,0.8660254037844387,-0.9749279121818236,-0.2225209339563146
149,2.0,0,5,0,6,0,1,26.7,46.73599901157685,0.213938,667,1,4788,29,1.2246467991473532e-16,-1.0,0.49999999999999994,-0.8660254037844387,-0.7818314824680299,0.6234898018587334
631,3.0,1,9,0,6,0,1,26.0,58.47055059821588,0.283583,963,0,53021,22,-1.0,-1.8369701987210297e-16,-1.0,-1.8369701987210297e-16,-0.7818314824680299,0.6234898018587334
123,2.0,0,5,0,2,1,2,24.6667,64.89638444880912,0.342667,666,0,4451,3,1.2246467991473532e-16,-1.0,0.49999999999999994,-0.8660254037844387,0.9749279121818236,-0.22252093395631434
184,3.0,0,7,0,6,0,2,28.6667,63.03769008505155,0.228858,722,0,4649,3,-1.0,-1.8369701987210297e-16,-0.4999999999999997,-0.8660254037844388,-0.7818314824680299,0.6234898018587334
652,4.0,1,10,0,6,0,1,15.7333,39.086495628888215,0.146142,632,0,7109,13,-2.4492935982947064e-16,1.0,-0.8660254037844386,0.5000000000000001,-0.7818314824680299,0.6234898018587334
229,3.0,0,8,0,3,1,1,28.9333,49.389293420836296,0.143667,905,0,4694,17,-1.0,-1.8369701987210297e-16,-0.8660254037844385,-0.5000000000000004,0.43388373911755823,-0.900968867902419
481,2.0,1,4,0,3,1,1,19.0667,30.589497860646997,0.118792,636,0,6196,25,1.2246467991473532e-16,-1.0,0.8660254037844387,-0.4999999999999998,0.43388373911755823,-0.900968867902419
457,2.0,1,4,0,6,0,2,17.0333,62.24108857826387,0.172267,664,0,6041,1,1.2246467991473532e-16,-1.0,0.8660254037844387,-0.4999999999999998,-0.7818314824680299,0.6234898018587334
544,3.0,1,6,0,3,1,1,27.9,21.933052334807154,0.271775,897,0,7335,27,-1.0,-1.8369701987210297e-16,1.2246467991473532e-16,-1.0,0.43388373911755823,-0.900968867902419
430,1.0,1,3,0,1,1,1,9.7333,40.573527593638914,0.228858,1019,0,3333,5,1.0,6.123233995736766e-17,1.0,6.123233995736766e-17,0.7818314824680298,0.6234898018587336
697,4.0,1,11,0,2,1,2,11.6667,76.31442435025996,0.237562,675,0,3959,27,-2.4492935982947064e-16,1.0,-0.5000000000000004,0.8660254037844384,0.9749279121818236,-0.22252093395631434
48,1.0,0,2,0,4,1,1,17.4333,40.41420729228139,0.230104,756,0,2475,17,1.0,6.123233995736766e-17,0.8660254037844386,0.5000000000000001,-0.433883739117558,-0.9009688679024191
451,2.0,1,3,0,1,1,1,17.8333,36.96230991494845,0.386821,747,0,5558,26,1.2246467991473532e-16,-1.0,1.0,6.123233995736766e-17,0.7818314824680298,0.6234898018587336
650,4.0,1,10,0,4,1,1,17.4,35.103488094949796,0.181596,725,0,7570,11,-2.4492935982947064e-16,1.0,-0.8660254037844386,0.5000000000000001,-0.433883739117558,-0.9009688679024191
616,3.0,1,9,0,5,1,1,28.1333,46.73599901157685,0.171646,929,0,7504,7,-1.0,-1.8369701987210297e-16,-1.0,-1.8369701987210297e-16,-0.9749279121818236,-0.2225209339563146
234,3.0,0,8,0,1,1,1,27.6667,35.95323885427037,0.27675,990,0,4758,22,-1.0,-1.8369701987210297e-16,-0.8660254037844385,-0.5000000000000004,0.7818314824680298,0.6234898018587336
589,3.0,1,8,0,6,0,2,27.7,69.46365139188589,0.206479,538,0,6299,11,-1.0,-1.8369701987210297e-16,-0.8660254037844385,-0.5000000000000004,-0.7818314824680299,0.6234898018587334
317,4.0,0,11,0,6,0,1,17.6333,34.466206889519654,0.281721,829,0,3717,13,-2.4492935982947064e-16,1.0,-0.5000000000000004,0.8660254037844384,-0.7818314824680299,0.6234898018587334
375,1.0,1,1,0,2,1,1,12.3478,58.45206944325841,0.187552,598,0,3598,10,1.0,6.123233995736766e-17,0.49999999999999994,0.8660254037844387,0.9749279121818236,-0.22252093395631434
261,3.0,0,9,0,6,0,1,20.3,64.63089309862693,0.178483,750,1,4274,18,-1.0,-1.8369701987210297e-16,-1.0,-1.8369701987210297e-16,-0.7818314824680299,0.6234898018587334
524,2.0,1,6,0,4,1,1,24.1,46.73599901157685,0.15735,537,0,7494,7,1.2246467991473532e-16,-1.0,1.2246467991473532e-16,-1.0,-0.433883739117558,-0.9009688679024191
100,2.0,0,4,0,6,0,2,17.0667,85.34253227510666,0.146767,661,0,2895,10,1.2246467991473532e-16,-1.0,0.8660254037844387,-0.4999999999999998,-0.7818314824680299,0.6234898018587334
278,4.0,0,10,0,3,1,1,21.5333,58.62987089957342,0.17725,935,0,4826,5,-2.4492935982947064e-16,1.0,-0.8660254037844386,0.5000000000000001,0.43388373911755823,-0.900968867902419
721,1.0,1,12,0,5,1,2,13.0667,46.99948890047325,0.3743829999999999,881,0,3623,21,1.0,6.123233995736766e-17,-2.4492935982947064e-16,1.0,-0.9749279121818236,-0.2225209339563146
660,4.0,1,10,0,6,0,1,18.5667,41.05148849771153,0.166054,521,0,6824,21,-2.4492935982947064e-16,1.0,-0.8660254037844386,0.5000000000000001,-0.7818314824680299,0.6234898018587334
361,1.0,0,12,0,2,1,2,13.0,73.2341893719339,0.18845,517,0,1162,27,1.0,6.123233995736766e-17,-2.4492935982947064e-16,1.0,0.9749279121818236,-0.22252093395631434
514,2.0,1,5,1,1,0,1,28.5,62.24108857826387,0.196521,506,0,6043,28,1.2246467991473532e-16,-1.0,0.49999999999999994,-0.8660254037844387,0.7818314824680298,0.6234898018587336
30,1.0,0,1,0,6,0,1,8.6609,68.09438899389868,0.0739826,548,0,1096,30,1.0,6.123233995736766e-17,0.49999999999999994,0.8660254037844387,-0.7818314824680299,0.6234898018587334
125,2.0,0,5,0,4,1,1,18.3667,32.660661778294966,0.295392,789,0,4433,5,1.2246467991473532e-16,-1.0,0.49999999999999994,-0.8660254037844387,-0.433883739117558,-0.9009688679024191
150,2.0,0,5,1,1,0,1,29.3333,63.35633068776663,0.131225,483,0,4098,30,1.2246467991473532e-16,-1.0,0.49999999999999994,-0.8660254037844387,0.7818314824680298,0.6234898018587336
206,3.0,0,7,0,1,1,1,29.7333,72.54375891397086,0.0908083,474,0,3840,25,-1.0,-1.8369701987210297e-16,-0.4999999999999997,-0.8660254037844388,0.7818314824680298,0.6234898018587336
584,3.0,1,8,0,1,1,2,30.1,59.4264724063611,0.129354,861,1,7013,6,-1.0,-1.8369701987210297e-16,-0.8660254037844385,-0.5000000000000004,0.7818314824680298,0.6234898018587336
467,2.0,1,4,0,3,1,1,13.9478,35.89779538939793,0.295274,767,0,4862,11,1.2246467991473532e-16,-1.0,0.8660254037844387,-0.4999999999999998,0.43388373911755823,-0.900968867902419
685,4.0,1,11,0,4,1,2,12.8667,55.12482426970762,0.1529869999999999,601,0,5445,15,-2.4492935982947064e-16,1.0,-0.5000000000000004,0.8660254037844384,-0.433883739117558,-0.9009688679024191
574,3.0,1,7,0,5,1,1,31.2667,51.832119737491126,0.152992,948,0,6904,27,-1.0,-1.8369701987210297e-16,-0.4999999999999997,-0.8660254037844388,-0.9749279121818236,-0.2225209339563146
383,1.0,1,1,0,3,1,1,12.1333,32.554363273229214,0.415429,553,0,3376,18,1.0,6.123233995736766e-17,0.49999999999999994,0.8660254037844387,0.43388373911755823,-0.900968867902419
412,1.0,1,2,0,4,1,2,12.6667,72.01277621360647,0.091425,632,0,3005,16,1.0,6.123233995736766e-17,0.8660254037844386,0.5000000000000001,-0.433883739117558,-0.9009688679024191
59,1.0,0,2,0,1,1,2,16.2909,67.31224978746673,0.289686,471,1,1446,28,1.0,6.123233995736766e-17,0.8660254037844386,0.5000000000000001,0.7818314824680298,0.6234898018587336
632,4.0,1,9,0,6,0,1,21.1667,35.58144899902241,0.2232579999999999,888,0,7907,23,-2.4492935982947064e-16,1.0,-1.0,-1.8369701987210297e-16,-0.7818314824680299,0.6234898018587334
455,2.0,1,3,0,5,1,2,14.8,50.079596422558225,0.138067,1016,0,5459,30,1.2246467991473532e-16,-1.0,1.0,6.123233995736766e-17,-0.9749279121818236,-0.2225209339563146
177,3.0,0,6,0,6,0,1,27.2,41.47630014925126,0.0945333,976,0,5305,26,-1.0,-1.8369701987210297e-16,1.2246467991473532e-16,-1.0,-0.7818314824680299,0.6234898018587334
66,1.0,0,3,0,1,1,1,10.4696,46.31594107952888,0.341352,981,1,1872,7,1.0,6.123233995736766e-17,1.0,6.123233995736766e-17,0.7818314824680298,0.6234898018587336
614,3.0,1,9,0,3,1,1,29.4667,70.52574424885577,0.187808,546,0,7112,5,-1.0,-1.8369701987210297e-16,-1.0,-1.8369701987210297e-16,0.43388373911755823,-0.900968867902419
167,2.0,0,6,0,4,1,2,25.1333,63.78114233930637,0.206471,462,0,3767,16,1.2246467991473532e-16,-1.0,1.2246467991473532e-16,-1.0,-0.433883739117558,-0.9009688679024191
510,2.0,1,5,0,4,1,1,26.2,67.39248747423792,0.172896,706,0,6770,24,1.2246467991473532e-16,-1.0,0.49999999999999994,-0.8660254037844387,-0.433883739117558,-0.9009688679024191
268,4.0,0,9,0,6,0,2,25.3667,83.7493292615313,0.0503792,1030,0,5010,25,-2.4492935982947064e-16,1.0,-1.0,-1.8369701987210297e-16,-0.7818314824680299,0.6234898018587334
232,3.0,0,8,0,6,0,1,27.9,61.97559722808168,0.104467,675,0,5191,20,-1.0,-1.8369701987210297e-16,-0.8660254037844385,-0.5000000000000004,-0.7818314824680299,0.6234898018587334
223,3.0,0,8,0,4,1,1,28.7,30.05838770404151,0.164796,980,0,4792,11,-1.0,-1.8369701987210297e-16,-0.8660254037844385,-0.5000000000000004,-0.433883739117558,-0.9009688679024191
25,1.0,0,1,0,2,1,2,8.9391,54.68382567554994,0.129796,977,0,1985,25,1.0,6.123233995736766e-17,0.49999999999999994,0.8660254037844387,0.9749279121818236,-0.22252093395631434
488,2.0,1,5,0,3,1,1,22.5667,77.64200855741204,0.138058,813,0,6169,2,1.2246467991473532e-16,-1.0,0.49999999999999994,-0.8660254037844387,0.43388373911755823,-0.900968867902419
618,3.0,1,9,0,6,0,1,24.4,45.83109753843762,0.224496,494,0,8227,9,-1.0,-1.8369701987210297e-16,-1.0,-1.8369701987210297e-16,-0.7818314824680299,0.6234898018587334
505,2.0,1,5,0,6,0,1,24.0,34.200715539337466,0.083975,1030,0,42945,19,1.2246467991473532e-16,-1.0,0.49999999999999994,-0.8660254037844387,-0.7818314824680299,0.6234898018587334
635,4.0,1,9,0,3,1,1,25.4,56.45240847685969,0.2444,1001,0,7733,26,-2.4492935982947064e-16,1.0,-1.0,-1.8369701987210297e-16,0.43388373911755823,-0.900968867902419
728,1.0,1,12,0,5,1,2,10.1333,51.24798778459386,0.155471,562,0,3095,28,1.0,6.123233995736766e-17,-2.4492935982947064e-16,1.0,-0.9749279121818236,-0.2225209339563146
63,1.0,0,3,0,5,1,2,10.4667,53.85026185884732,0.203346,932,1,1944,4,1.0,6.123233995736766e-17,1.0,6.123233995736766e-17,-0.9749279121818236,-0.2225209339563146
79,1.0,0,3,0,6,0,1,13.3,36.43119975834297,0.207721,870,0,2471,20,1.0,6.123233995736766e-17,1.0,6.123233995736766e-17,-0.7818314824680299,0.6234898018587334
245,3.0,0,9,0,5,1,2,25.7333,67.31224978746673,0.139929,908,0,4727,2,-1.0,-1.8369701987210297e-16,-1.0,-1.8369701987210297e-16,-0.9749279121818236,-0.2225209339563146
260,3.0,0,9,0,6,0,2,19.6667,67.60482957188724,0.189675,939,1,4511,17,-1.0,-1.8369701987210297e-16,-1.0,-1.8369701987210297e-16,-0.7818314824680299,0.6234898018587334
82,2.0,0,3,0,3,1,2,13.8783,83.05660459122872,0.234261,516,0,2121,23,1.2246467991473532e-16,-1.0,1.0,6.123233995736766e-17,0.43388373911755823,-0.900968867902419
318,4.0,0,11,0,0,1,1,21.2,50.87619792934592,0.306596,608,0,4486,14,-2.4492935982947064e-16,1.0,-0.5000000000000004,0.8660254037844384,0.0,1.0
399,1.0,1,2,0,5,1,1,12.5333,43.17580166789237,0.178496,860,0,4151,3,1.0,6.123233995736766e-17,0.8660254037844386,0.5000000000000001,-0.9749279121818236,-0.2225209339563146
327,4.0,0,11,0,3,1,2,17.6333,72.65005741903661,0.335825,587,0,2566,23,-2.4492935982947064e-16,1.0,-0.5000000000000004,0.8660254037844384,0.43388373911755823,-0.900968867902419
396,1.0,1,1,0,2,1,1,15.6,29.155615148429167,0.261817,963,0,4509,31,1.0,6.123233995736766e-17,0.49999999999999994,0.8660254037844387,0.9749279121818236,-0.22252093395631434
21,1.0,0,1,0,5,1,1,7.1,34.306886588162115,0.353242,725,0,1543,21,1.0,6.123233995736766e-17,0.49999999999999994,0.8660254037844387,-0.9749279121818236,-0.2225209339563146
311,4.0,0,11,0,0,1,1,15.8,72.75622846786128,0.057225,606,0,4035,7,-2.4492935982947064e-16,1.0,-0.5000000000000004,0.8660254037844384,0.0,1.0
432,1.0,1,3,0,3,1,1,16.1667,41.47630014925126,0.345779,490,0,4916,7,1.0,6.123233995736766e-17,1.0,6.123233995736766e-17,0.43388373911755823,-0.900968867902419
305,4.0,0,11,0,2,1,1,16.0333,63.19701038640909,0.135571,675,0,4068,1,-2.4492935982947064e-16,1.0,-0.5000000000000004,0.8660254037844384,0.9749279121818236,-0.22252093395631434
698,4.0,1,11,0,3,1,1,11.8667,40.573527593638914,0.210821,935,1,5260,28,-2.4492935982947064e-16,1.0,-0.5000000000000004,0.8660254037844384,0.43388373911755823,-0.900968867902419
433,1.0,1,3,0,4,1,1,21.1,48.3802223601582,0.441563,870,0,5382,8,1.0,6.123233995736766e-17,1.0,6.123233995736766e-17,-0.433883739117558,-0.9009688679024191
57,1.0,0,2,0,6,0,1,11.3,44.60968438011021,0.186571,522,0,1969,26,1.0,6.123233995736766e-17,0.8660254037844386,0.5000000000000001,-0.7818314824680299,0.6234898018587334
337,4.0,0,12,0,6,0,1,11.9667,54.168902461562396,0.0957833,473,0,3614,3,-2.4492935982947064e-16,1.0,-2.4492935982947064e-16,1.0,-0.7818314824680299,0.6234898018587334
491,2.0,1,5,0,6,0,2,24.8667,72.49073711767909,0.152992,1007,0,6883,5,1.2246467991473532e-16,-1.0,0.49999999999999994,-0.8660254037844387,-0.7818314824680299,0.6234898018587334
179,3.0,0,6,0,2,1,1,29.7667,56.87734758464052,0.144283,997,0,4648,28,-1.0,-1.8369701987210297e-16,1.2246467991473532e-16,-1.0,0.9749279121818236,-0.22252093395631434
15,1.0,0,1,0,6,0,2,9.3333,39.617605785493694,0.157963,991,0,1248,15,1.0,6.123233995736766e-17,0.49999999999999994,0.8660254037844387,-0.7818314824680299,0.6234898018587334
242,3.0,0,8,0,2,1,1,25.5667,45.93726858726228,0.1250079999999999,576,1,5204,30,-1.0,-1.8369701987210297e-16,-0.8660254037844385,-0.5000000000000004,0.9749279121818236,-0.22252093395631434
76,1.0,0,3,0,4,1,1,16.6,52.8943400507021,0.209579,649,0,2744,17,1.0,6.123233995736766e-17,1.0,6.123233995736766e-17,-0.433883739117558,-0.9009688679024191
376,1.0,1,1,0,3,1,2,10.9667,84.06796986424636,0.131221,715,0,2177,11,1.0,6.123233995736766e-17,0.49999999999999994,0.8660254037844387,0.43388373911755823,-0.900968867902419
46,1.0,0,2,0,2,1,1,10.6435,16.114420016747754,0.2913739999999999,565,0,1815,15,1.0,6.123233995736766e-17,0.8660254037844386,0.5000000000000001,0.9749279121818236,-0.22252093395631434
238,3.0,0,8,0,5,1,1,28.0,73.07486907057636,0.0839625,875,0,4661,26,-1.0,-1.8369701987210297e-16,-0.8660254037844385,-0.5000000000000004,-0.9749279121818236,-0.2225209339563146
712,4.0,1,12,0,3,1,2,11.9,44.662706176402,0.162937,802,1,5319,12,-2.4492935982947064e-16,1.0,-2.4492935982947064e-16,1.0,0.43388373911755823,-0.900968867902419
256,3.0,0,9,0,2,1,1,26.0333,66.86137731763243,0.1418039999999999,652,1,4763,13,-1.0,-1.8369701987210297e-16,-1.0,-1.8369701987210297e-16,0.9749279121818236,-0.22252093395631434
670,4.0,1,10,0,3,1,2,14.3,61.01967541993646,0.166667,747,0,5566,31,-2.4492935982947064e-16,1.0,-0.8660254037844386,0.5000000000000001,0.43388373911755823,-0.900968867902419
417,1.0,1,2,0,2,1,1,11.513,51.80216752083591,0.205717,587,0,3777,21,1.0,6.123233995736766e-17,0.8660254037844386,0.5000000000000001,0.9749279121818236,-0.22252093395631434
225,3.0,0,8,0,6,0,2,27.4333,69.03871228410507,0.211454,935,0,4150,13,-1.0,-1.8369701987210297e-16,-0.8660254037844385,-0.5000000000000004,-0.7818314824680299,0.6234898018587334
212,3.0,0,7,0,6,0,1,32.2333,37.333972313955314,0.164813,724,0,4302,31,-1.0,-1.8369701987210297e-16,-0.4999999999999997,-0.8660254037844388,-0.7818314824680299,0.6234898018587334
130,2.0,0,5,0,2,1,1,21.3,38.396192627166286,0.115671,473,0,4803,10,1.2246467991473532e-16,-1.0,0.49999999999999994,-0.8660254037844387,0.9749279121818236,-0.22252093395631434
165,2.0,0,6,0,2,1,1,24.1667,40.67969864246358,0.269283,858,0,4891,14,1.2246467991473532e-16,-1.0,1.2246467991473532e-16,-1.0,0.9749279121818236,-0.22252093395631434
282,4.0,0,10,0,6,0,1,21.6333,68.77322093392287,0.06345,581,0,5511,9,-2.4492935982947064e-16,1.0,-0.8660254037844386,0.5000000000000001,-0.7818314824680299,0.6234898018587334
169,2.0,0,6,0,6,0,1,27.8667,61.497636324009065,0.1194079999999999,617,0,5119,18,1.2246467991473532e-16,-1.0,1.2246467991473532e-16,-1.0,-0.7818314824680299,0.6234898018587334
369,1.0,1,1,0,3,1,2,4.3,28.889996342005883,0.1847,726,0,2368,4,1.0,6.123233995736766e-17,0.49999999999999994,0.8660254037844387,0.43388373911755823,-0.900968867902419
215,3.0,0,8,0,3,1,2,29.2667,59.85128405790083,0.1355829999999999,934,0,3574,3,-1.0,-1.8369701987210297e-16,-0.8660254037844385,-0.5000000000000004,0.43388373911755823,-0.900968867902419
17,1.0,0,1,1,1,0,2,7.0333,44.556535127577334,0.194017,650,0,1000,17,1.0,6.123233995736766e-17,0.49999999999999994,0.8660254037844387,0.7818314824680298,0.6234898018587336
266,4.0,0,9,0,5,1,2,24.3667,100.00000000000001,0.0783667,612,0,2395,23,-2.4492935982947064e-16,1.0,-1.0,-1.8369701987210297e-16,-0.9749279121818236,-0.2225209339563146
548,3.0,1,7,0,6,0,1,32.6333,46.73599901157685,0.1685289999999999,860,1,5531,1,-1.0,-1.8369701987210297e-16,-0.4999999999999997,-0.8660254037844388,-0.7818314824680299,0.6234898018587334
286,4.0,0,10,0,4,1,2,23.5667,90.33461086972315,0.141787,929,0,2913,13,-2.4492935982947064e-16,1.0,-0.8660254037844386,0.5000000000000001,-0.433883739117558,-0.9009688679024191
174,3.0,0,6,0,4,1,2,29.1333,65.6929859555968,0.238804,925,0,4790,23,-1.0,-1.8369701987210297e-16,1.2246467991473532e-16,-1.0,-0.433883739117558,-0.9009688679024191
690,4.0,1,11,0,2,1,2,14.9667,63.35633068776663,0.082725,796,0,5634,20,-2.4492935982947064e-16,1.0,-0.5000000000000004,0.8660254037844384,0.9749279121818236,-0.22252093395631434
722,1.0,1,12,0,6,0,1,10.6333,32.288871923047026,0.407346,572,0,1749,22,1.0,6.123233995736766e-17,-2.4492935982947064e-16,1.0,-0.7818314824680299,0.6234898018587334
341,4.0,0,12,0,3,1,3,16.4,89.26077411503948,0.266175,586,1,705,7,-2.4492935982947064e-16,1.0,-2.4492935982947064e-16,1.0,0.43388373911755823,-0.900968867902419
529,2.0,1,6,0,2,1,2,26.1333,82.26229729678059,0.214546,777,0,4972,12,1.2246467991473532e-16,-1.0,1.2246467991473532e-16,-1.0,0.9749279121818236,-0.22252093395631434
205,3.0,0,7,0,6,0,1,33.2,46.25590918997736,0.169171,561,0,3606,24,-1.0,-1.8369701987210297e-16,-0.4999999999999997,-0.8660254037844388,-0.7818314824680299,0.6234898018587334
398,1.0,1,2,0,4,1,2,15.9667,67.31224978746673,0.187187,547,0,3761,2,1.0,6.123233995736766e-17,0.8660254037844386,0.5000000000000001,-0.433883739117558,-0.9009688679024191
647,4.0,1,10,1,1,0,2,15.3333,66.48958746238448,0.189679,925,0,5478,8,-2.4492935982947064e-16,1.0,-0.8660254037844386,0.5000000000000001,0.7818314824680298,0.6234898018587336
443,1.0,1,3,0,6,0,2,18.9,79.28836082352028,0.126883,1016,1,5892,18,1.0,6.123233995736766e-17,1.0,6.123233995736766e-17,-0.7818314824680299,0.6234898018587334
395,1.0,1,1,0,1,1,1,10.7667,27.137473027072982,0.215792,470,0,3624,30,1.0,6.123233995736766e-17,0.49999999999999994,0.8660254037844387,0.7818314824680298,0.6234898018587336
509,2.0,1,5,0,3,1,2,24.8667,74.77424313297638,0.102,873,0,5260,23,1.2246467991473532e-16,-1.0,0.49999999999999994,-0.8660254037844387,0.43388373911755823,-0.900968867902419
281,4.0,0,10,0,6,0,1,20.8667,46.73599901157685,0.0454042,746,1,5409,8,-2.4492935982947064e-16,1.0,-0.8660254037844386,0.5000000000000001,-0.7818314824680299,0.6234898018587334
158,2.0,0,6,0,2,1,1,28.3,52.257058845271956,0.187808,464,1,4833,7,1.2246467991473532e-16,-1.0,1.2246467991473532e-16,-1.0,0.9749279121818236,-0.22252093395631434
88,2.0,0,3,0,2,1,1,12.1,16.091350437111185,0.226996,829,0,2425,29,1.2246467991473532e-16,-1.0,1.0,6.123233995736766e-17,0.9749279121818236,-0.22252093395631434
642,4.0,1,10,0,3,1,2,26.3,77.2171969058723,0.0665458,727,0,7572,3,-2.4492935982947064e-16,1.0,-0.8660254037844386,0.5000000000000001,0.43388373911755823,-0.900968867902419
164,2.0,0,6,0,1,1,1,25.4,39.086495628888215,0.30535,706,0,5020,13,1.2246467991473532e-16,-1.0,1.2246467991473532e-16,-1.0,0.7818314824680298,0.6234898018587336
536,2.0,1,6,0,2,1,1,27.5333,63.99361189319677,0.148017,826,1,6825,19,1.2246467991473532e-16,-1.0,1.2246467991473532e-16,-1.0,0.9749279121818236,-0.22252093395631434
382,1.0,1,1,0,2,1,2,14.9217,67.31856285440801,0.34913,786,0,2935,17,1.0,6.123233995736766e-17,0.49999999999999994,0.8660254037844387,0.9749279121818236,-0.22252093395631434
595,3.0,1,8,0,5,1,1,28.9333,48.80503401169794,0.231354,887,0,7148,17,-1.0,-1.8369701987210297e-16,-0.8660254037844385,-0.5000000000000004,-0.9749279121818236,-0.2225209339563146
671,4.0,1,11,0,4,1,2,14.6333,50.18589492762398,0.157346,746,1,5986,1,-2.4492935982947064e-16,1.0,-0.5000000000000004,0.8660254037844384,-0.433883739117558,-0.9009688679024191
421,1.0,1,2,0,6,0,1,11.6333,26.500191821642833,0.421642,669,0,2732,25,1.0,6.123233995736766e-17,0.8660254037844386,0.5000000000000001,-0.7818314824680299,0.6234898018587334
460,2.0,1,4,0,3,1,1,21.6667,35.90008960173749,0.180975,1010,1,6436,4,1.2246467991473532e-16,-1.0,0.8660254037844387,-0.4999999999999998,0.43388373911755823,-0.900968867902419
255,3.0,0,9,0,1,1,1,25.7739,64.2707017613178,0.088913,532,0,4713,12,-1.0,-1.8369701987210297e-16,-1.0,-1.8369701987210297e-16,0.7818314824680298,0.6234898018587336
138,2.0,0,5,0,3,1,2,22.0,67.31224978746673,0.201492,832,0,3855,18,1.2246467991473532e-16,-1.0,0.49999999999999994,-0.8660254037844387,0.43388373911755823,-0.900968867902419
720,4.0,1,12,0,4,1,2,13.2,61.178995721294,0.132463,883,0,4128,20,-2.4492935982947064e-16,1.0,-2.4492935982947064e-16,1.0,-0.433883739117558,-0.9009688679024191
727,1.0,1,12,0,4,1,2,10.1667,59.26715210500356,0.3501329999999999,561,0,2114,27,1.0,6.123233995736766e-17,-2.4492935982947064e-16,1.0,-0.433883739117558,-0.9009688679024191
289,4.0,0,10,0,6,0,1,20.4667,38.07755202445121,0.281717,576,1,5041,16,-2.4492935982947064e-16,1.0,-0.8660254037844386,0.5000000000000001,-0.7818314824680299,0.6234898018587334
699,4.0,1,11,0,4,1,1,11.2348,46.87012081577093,0.115522,509,0,5323,29,-2.4492935982947064e-16,1.0,-0.5000000000000004,0.8660254037844384,-0.433883739117558,-0.9009688679024191
662,4.0,1,10,0,2,1,1,21.7667,46.73599901157685,0.0945458,601,0,7466,23,-2.4492935982947064e-16,1.0,-0.8660254037844386,0.5000000000000001,0.9749279121818236,-0.22252093395631434
65,1.0,0,3,0,6,0,2,15.0609,96.91058817231574,0.343287,667,0,605,6,1.0,6.123233995736766e-17,1.0,6.123233995736766e-17,-0.7818314824680299,0.6234898018587334
681,4.0,1,11,0,6,0,1,16.8333,60.06375361179124,0.1275,783,0,6852,11,-2.4492935982947064e-16,1.0,-0.5000000000000004,0.8660254037844384,-0.7818314824680299,0.6234898018587334
498,2.0,1,5,0,6,0,1,22.5667,37.28095051766353,0.1231329999999999,813,0,7429,12,1.2246467991473532e-16,-1.0,0.49999999999999994,-0.8660254037844387,-0.7818314824680299,0.6234898018587334
250,3.0,0,9,0,3,1,3,23.9667,92.93675748773555,0.0970208,892,0,1996,7,-1.0,-1.8369701987210297e-16,-1.0,-1.8369701987210297e-16,0.43388373911755823,-0.900968867902419
582,3.0,1,8,0,6,0,1,31.7333,54.221924257854184,0.257458,606,0,6824,4,-1.0,-1.8369701987210297e-16,-0.8660254037844385,-0.5000000000000004,-0.7818314824680299,0.6234898018587334
147,2.0,0,5,0,5,1,1,27.2667,59.373323153828224,0.240679,789,0,4679,27,1.2246467991473532e-16,-1.0,0.49999999999999994,-0.8660254037844387,-0.9749279121818236,-0.2225209339563146
192,3.0,0,7,0,1,1,1,30.5,57.08968968228983,0.282337,730,0,4086,11,-1.0,-1.8369701987210297e-16,-0.4999999999999997,-0.8660254037844388,0.7818314824680298,0.6234898018587336
414,1.0,1,2,0,6,0,1,13.8667,44.18474527232938,0.190929,900,0,4318,18,1.0,6.123233995736766e-17,0.8660254037844386,0.5000000000000001,-0.7818314824680299,0.6234898018587334
464,2.0,1,4,0,6,0,1,20.0,11.20544289131934,0.232596,557,1,5169,8,1.2246467991473532e-16,-1.0,0.8660254037844387,-0.4999999999999998,-0.7818314824680299,0.6234898018587334
603,3.0,1,8,0,6,0,2,26.4667,66.91452657016531,0.244408,477,0,6053,25,-1.0,-1.8369701987210297e-16,-0.8660254037844385,-0.5000000000000004,-0.7818314824680299,0.6234898018587334
686,4.0,1,11,0,5,1,1,13.8,42.910182861469096,0.171025,603,0,5698,16,-2.4492935982947064e-16,1.0,-0.5000000000000004,0.8660254037844384,-0.9749279121818236,-0.2225209339563146
445,1.0,1,3,0,2,1,1,22.4333,79.02286947333808,0.121271,605,1,6093,20,1.0,6.123233995736766e-17,1.0,6.123233995736766e-17,0.9749279121818236,-0.22252093395631434
295,4.0,0,10,0,6,0,1,16.9,56.24006637921036,0.0926666999999999,695,1,4308,22,-2.4492935982947064e-16,1.0,-0.8660254037844386,0.5000000000000001,-0.7818314824680299,0.6234898018587334
654,4.0,1,10,0,1,1,2,22.4667,67.31224978746673,0.296037,598,0,5875,15,-2.4492935982947064e-16,1.0,-0.8660254037844386,0.5000000000000001,0.7818314824680298,0.6234898018587336
114,2.0,0,4,0,6,0,2,23.2667,79.39453187234494,0.192175,697,0,4191,24,1.2246467991473532e-16,-1.0,0.8660254037844387,-0.4999999999999998,-0.7818314824680299,0.6234898018587334
394,1.0,1,1,0,6,0,1,11.3,15.719560581863231,0.24005,836,0,3243,29,1.0,6.123233995736766e-17,0.49999999999999994,0.8660254037844387,-0.7818314824680299,0.6234898018587334
257,3.0,0,9,0,3,1,1,26.9333,64.89638444880912,0.1673,761,0,4785,14,-1.0,-1.8369701987210297e-16,-1.0,-1.8369701987210297e-16,0.43388373911755823,-0.900968867902419
139,2.0,0,5,0,4,1,2,21.2333,81.78433639270798,0.108213,878,0,4575,19,1.2246467991473532e-16,-1.0,0.49999999999999994,-0.8660254037844387,-0.433883739117558,-0.9009688679024191
371,1.0,1,1,0,5,1,1,13.3667,45.1406670804746,0.167908,559,0,4098,6,1.0,6.123233995736766e-17,0.49999999999999994,0.8660254037844387,-0.9749279121818236,-0.2225209339563146
415,1.0,1,2,0,6,0,2,11.2,41.79494075196634,0.253112,838,0,2689,19,1.0,6.123233995736766e-17,0.8660254037844386,0.5000000000000001,-0.7818314824680299,0.6234898018587334
107,2.0,0,4,0,6,0,1,18.2667,37.174652012597775,0.303496,676,0,3744,17,1.2246467991473532e-16,-1.0,0.8660254037844387,-0.4999999999999998,-0.7818314824680299,0.6234898018587334
475,2.0,1,4,0,4,1,1,19.9333,54.11575320902952,0.0659292,584,0,6565,19,1.2246467991473532e-16,-1.0,0.8660254037844387,-0.4999999999999998,-0.433883739117558,-0.9009688679024191
476,2.0,1,4,0,5,1,1,21.0667,64.57774384609405,0.149871,507,0,7290,20,1.2246467991473532e-16,-1.0,0.8660254037844387,-0.4999999999999998,-0.9749279121818236,-0.2225209339563146
91,2.0,0,4,0,5,1,2,12.0,63.51565098912417,0.258708,699,1,2227,1,1.2246467991473532e-16,-1.0,0.8660254037844387,-0.4999999999999998,-0.9749279121818236,-0.2225209339563146
677,4.0,1,11,0,3,1,2,11.8333,45.83109753843762,0.304108,654,0,5035,7,-2.4492935982947064e-16,1.0,-0.5000000000000004,0.8660254037844384,0.43388373911755823,-0.900968867902419
523,2.0,1,6,0,3,1,1,22.1667,53.95643290767198,0.077125,978,0,7055,6,1.2246467991473532e-16,-1.0,1.2246467991473532e-16,-1.0,0.43388373911755823,-0.900968867902419
102,2.0,0,4,0,2,1,2,20.1,70.26025289867357,0.274879,813,0,2034,12,1.2246467991473532e-16,-1.0,0.8660254037844387,-0.4999999999999998,0.9749279121818236,-0.22252093395631434
296,4.0,0,10,0,6,0,1,16.8667,70.52574424885577,0.0995125,607,0,4381,23,-2.4492935982947064e-16,1.0,-0.8660254037844386,0.5000000000000001,-0.7818314824680299,0.6234898018587334
356,1.0,0,12,0,4,1,2,16.9333,72.59690816650374,0.047275,472,0,3068,22,1.0,6.123233995736766e-17,-2.4492935982947064e-16,1.0,-0.433883739117558,-0.9009688679024191
533,2.0,1,6,0,6,0,1,25.2667,40.308036243456726,0.166667,932,0,7702,16,1.2246467991473532e-16,-1.0,1.2246467991473532e-16,-1.0,-0.7818314824680299,0.6234898018587334
217,3.0,0,8,0,5,1,1,28.4333,56.45240847685969,0.184696,747,0,4866,5,-1.0,-1.8369701987210297e-16,-0.8660254037844385,-0.5000000000000004,-0.9749279121818236,-0.2225209339563146
301,4.0,0,10,0,5,1,2,13.2333,50.71687762798838,0.229479,599,0,3747,28,-2.4492935982947064e-16,1.0,-0.8660254037844386,0.5000000000000001,-0.9749279121818236,-0.2225209339563146
325,4.0,0,11,0,1,1,3,17.9,92.03398493212319,0.138054,865,0,2765,21,-2.4492935982947064e-16,1.0,-0.5000000000000004,0.8660254037844384,0.7818314824680298,0.6234898018587336
122,2.0,0,5,0,1,1,2,21.9667,67.31224978746673,0.183454,504,0,4401,2,1.2246467991473532e-16,-1.0,0.49999999999999994,-0.8660254037844387,0.7818314824680298,0.6234898018587336
679,4.0,1,11,0,5,1,1,14.4667,44.98134677911706,0.214558,738,0,5992,9,-2.4492935982947064e-16,1.0,-0.5000000000000004,0.8660254037844384,-0.9749279121818236,-0.2225209339563146
374,1.0,1,1,0,1,1,2,8.9667,65.48064385794748,0.0989,644,0,2376,9,1.0,6.123233995736766e-17,0.49999999999999994,0.8660254037844387,0.7818314824680298,0.6234898018587336
272,4.0,0,9,0,4,1,1,24.6667,65.1620032552324,0.1728829999999999,920,0,4839,29,-2.4492935982947064e-16,1.0,-1.0,-1.8369701987210297e-16,-0.433883739117558,-0.9009688679024191
478,2.0,1,4,0,6,0,3,15.8667,82.52791610320388,0.344546,603,0,1027,22,1.2246467991473532e-16,-1.0,0.8660254037844387,-0.4999999999999998,-0.7818314824680299,0.6234898018587334
4,1.0,0,1,0,2,1,1,8.0,51.303431249466286,0.160296,734,0,1562,4,1.0,6.123233995736766e-17,0.49999999999999994,0.8660254037844387,0.9749279121818236,-0.22252093395631434
675,4.0,1,11,0,1,1,1,12.7667,39.03347383259643,0.236325,491,0,5259,5,-2.4492935982947064e-16,1.0,-0.5000000000000004,0.8660254037844384,0.7818314824680298,0.6234898018587336
573,3.0,1,7,0,4,1,1,31.0667,52.09773854391442,0.284813,1012,0,6861,26,-1.0,-1.8369701987210297e-16,-0.4999999999999997,-0.8660254037844388,-0.433883739117558,-0.9009688679024191
710,4.0,1,12,0,1,1,2,17.4333,93.94582854841363,0.190308,1031,0,5170,10,-2.4492935982947064e-16,1.0,-2.4492935982947064e-16,1.0,0.7818314824680298,0.6234898018587336
248,3.0,0,9,1,1,0,2,26.9333,76.79238525433257,0.212696,887,1,3351,5,-1.0,-1.8369701987210297e-16,-1.0,-1.8369701987210297e-16,0.7818314824680298,0.6234898018587336
111,2.0,0,4,0,4,1,1,18.3667,27.934074533860663,0.325258,995,0,4189,21,1.2246467991473532e-16,-1.0,0.8660254037844387,-0.4999999999999998,-0.433883739117558,-0.9009688679024191
530,2.0,1,6,0,3,1,1,26.2333,50.238916723915764,0.343279,865,0,7421,13,1.2246467991473532e-16,-1.0,1.2246467991473532e-16,-1.0,0.43388373911755823,-0.900968867902419
264,3.0,0,9,0,3,1,2,23.8,90.75942252126289,0.0964042,1000,0,4352,21,-1.0,-1.8369701987210297e-16,-1.0,-1.8369701987210297e-16,0.43388373911755823,-0.900968867902419
674,4.0,1,11,0,6,0,1,13.0333,43.97240317468007,0.179108,684,0,5107,4,-2.4492935982947064e-16,1.0,-0.5000000000000004,0.8660254037844384,-0.7818314824680299,0.6234898018587334
22,1.0,0,1,0,6,0,1,2.3652,27.03130197824832,0.17197,891,0,981,22,1.0,6.123233995736766e-17,0.49999999999999994,0.8660254037844387,-0.7818314824680299,0.6234898018587334
306,4.0,0,11,0,3,1,1,15.1,67.65797882442011,0.0820916999999999,810,1,4186,2,-2.4492935982947064e-16,1.0,-0.5000000000000004,0.8660254037844384,0.43388373911755823,-0.900968867902419
608,3.0,1,8,0,4,1,1,28.2667,51.301137037126736,0.0771167,592,0,7713,30,-1.0,-1.8369701987210297e-16,-0.8660254037844385,-0.5000000000000004,-0.433883739117558,-0.9009688679024191
716,4.0,1,12,0,6,0,2,14.5,82.9527277547436,0.100742,491,0,3786,16,-2.4492935982947064e-16,1.0,-2.4492935982947064e-16,1.0,-0.7818314824680299,0.6234898018587334
182,3.0,0,7,0,5,1,1,28.9,26.55334107417571,0.1026079999999999,795,0,5362,1,-1.0,-1.8369701987210297e-16,-0.4999999999999997,-0.8660254037844388,-0.9749279121818236,-0.2225209339563146
156,2.0,0,6,0,6,0,2,25.9333,59.214002852470685,0.138692,495,0,4906,5,1.2246467991473532e-16,-1.0,1.2246467991473532e-16,-1.0,-0.7818314824680299,0.6234898018587334
39,1.0,0,2,0,2,1,1,8.8333,44.60968438011021,0.36195,611,0,1530,8,1.0,6.123233995736766e-17,0.8660254037844386,0.5000000000000001,0.9749279121818236,-0.22252093395631434
313,4.0,0,11,0,2,1,1,16.0,72.7030792153284,0.0621958,864,0,4109,9,-2.4492935982947064e-16,1.0,-0.5000000000000004,0.8660254037844384,0.9749279121818236,-0.22252093395631434
109,2.0,0,4,0,2,1,2,20.2333,60.91337691487071,0.157971,707,0,3204,19,1.2246467991473532e-16,-1.0,0.8660254037844387,-0.4999999999999998,0.9749279121818236,-0.22252093395631434
157,2.0,0,6,0,1,1,1,27.1333,52.52255019545416,0.121896,912,0,4548,6,1.2246467991473532e-16,-1.0,1.2246467991473532e-16,-1.0,0.7818314824680298,0.6234898018587336
354,4.0,0,12,0,2,1,2,15.4333,51.93841824255688,0.0615708,867,1,3750,20,-2.4492935982947064e-16,1.0,-2.4492935982947064e-16,1.0,0.9749279121818236,-0.22252093395631434
504,2.0,1,5,0,5,1,1,22.5667,42.75086256011156,0.136817,550,0,7639,18,1.2246467991473532e-16,-1.0,0.49999999999999994,-0.8660254037844387,-0.9749279121818236,-0.2225209339563146
99,2.0,0,4,0,6,0,2,13.7,87.89165709682725,0.1330829999999999,803,0,2455,9,1.2246467991473532e-16,-1.0,0.8660254037844387,-0.4999999999999998,-0.7818314824680299,0.6234898018587334
434,1.0,1,3,0,5,1,2,16.4333,27.934074533860663,0.4148,576,0,4569,9,1.0,6.123233995736766e-17,1.0,6.123233995736766e-17,-0.9749279121818236,-0.2225209339563146
373,1.0,1,1,0,6,0,1,13.5,35.31595764884021,0.191542,969,0,3425,8,1.0,6.123233995736766e-17,0.49999999999999994,0.8660254037844387,-0.7818314824680299,0.6234898018587334
545,3.0,1,6,0,4,1,1,29.9667,29.89906740268398,0.17165,772,0,6879,28,-1.0,-1.8369701987210297e-16,1.2246467991473532e-16,-1.0,-0.433883739117558,-0.9009688679024191
521,2.0,1,6,0,1,1,1,23.9,38.130573820742995,0.284833,860,0,6998,4,1.2246467991473532e-16,-1.0,1.2246467991473532e-16,-1.0,0.7818314824680298,0.6234898018587336
368,1.0,1,1,0,2,1,1,6.0,32.288871923047026,0.365671,549,0,2236,3,1.0,6.123233995736766e-17,0.49999999999999994,0.8660254037844387,0.9749279121818236,-0.22252093395631434
104,2.0,0,4,0,4,1,1,18.7,44.92832498282527,0.1107,726,0,3267,14,1.2246467991473532e-16,-1.0,0.8660254037844387,-0.4999999999999998,-0.433883739117558,-0.9009688679024191
80,2.0,0,3,0,1,1,2,17.2174,70.03389061450478,0.288783,817,0,2077,21,1.2246467991473532e-16,-1.0,1.0,6.123233995736766e-17,0.7818314824680298,0.6234898018587336
178,3.0,0,6,0,1,1,2,27.3,59.95745510672549,0.107588,819,0,4708,27,-1.0,-1.8369701987210297e-16,1.2246467991473532e-16,-1.0,0.7818314824680298,0.6234898018587336
696,4.0,1,11,0,1,1,1,12.5333,44.29104377739513,0.04665,1025,0,5087,26,-2.4492935982947064e-16,1.0,-0.5000000000000004,0.8660254037844384,0.7818314824680298,0.6234898018587336
211,3.0,0,7,0,6,0,1,32.1667,35.422128697664874,0.168537,637,0,4475,30,-1.0,-1.8369701987210297e-16,-0.4999999999999997,-0.8660254037844388,-0.7818314824680299,0.6234898018587334
691,4.0,1,11,0,3,1,1,14.1333,54.27507351038706,0.103246,666,0,5146,21,-2.4492935982947064e-16,1.0,-0.5000000000000004,0.8660254037844384,0.43388373911755823,-0.900968867902419
540,3.0,1,6,0,6,0,1,29.2667,44.18474527232938,0.179721,978,1,7458,23,-1.0,-1.8369701987210297e-16,1.2246467991473532e-16,-1.0,-0.7818314824680299,0.6234898018587334
439,1.0,1,3,0,3,1,1,22.9,40.67969864246358,0.1150619999999999,887,0,6312,14,1.0,6.123233995736766e-17,1.0,6.123233995736766e-17,0.43388373911755823,-0.900968867902419
578,3.0,1,7,0,2,1,1,28.5333,65.79928446066255,0.165425,864,0,7216,31,-1.0,-1.8369701987210297e-16,-0.4999999999999997,-0.8660254037844388,0.9749279121818236,-0.22252093395631434
520,2.0,1,6,0,6,0,1,24.1,38.927175327530676,0.184087,502,1,7641,3,1.2246467991473532e-16,-1.0,1.2246467991473532e-16,-1.0,-0.7818314824680299,0.6234898018587334
251,3.0,0,9,0,3,1,3,25.3565,95.80222869983164,0.192748,684,1,1842,8,-1.0,-1.8369701987210297e-16,-1.0,-1.8369701987210297e-16,0.43388373911755823,-0.900968867902419
115,2.0,0,4,0,1,1,1,24.2667,75.03986193939967,0.185333,757,0,4073,25,1.2246467991473532e-16,-1.0,0.8660254037844387,-0.4999999999999998,0.7818314824680298,0.6234898018587336
221,3.0,0,8,0,2,1,1,31.0,48.752012215406154,0.151121,464,0,4602,9,-1.0,-1.8369701987210297e-16,-0.8660254037844385,-0.5000000000000004,0.9749279121818236,-0.22252093395631434
471,2.0,1,4,0,6,0,1,24.2667,40.78599714752933,0.225129,554,0,7132,15,1.2246467991473532e-16,-1.0,0.8660254037844387,-0.4999999999999998,-0.7818314824680299,0.6234898018587334
607,3.0,1,8,0,3,1,1,27.4,46.4152294913349,0.112562,575,0,7697,29,-1.0,-1.8369701987210297e-16,-0.8660254037844385,-0.5000000000000004,0.43388373911755823,-0.900968867902419
230,3.0,0,8,0,4,1,1,28.4667,59.47949420265289,0.233208,846,0,3805,18,-1.0,-1.8369701987210297e-16,-0.8660254037844385,-0.5000000000000004,-0.433883739117558,-0.9009688679024191
241,3.0,0,8,0,1,1,1,25.4667,46.73387009404996,0.159825,587,0,4634,29,-1.0,-1.8369701987210297e-16,-0.8660254037844385,-0.5000000000000004,0.7818314824680298,0.6234898018587336
155,2.0,0,6,0,6,0,1,25.4,34.200715539337466,0.1775585,624,0,5342,4,1.2246467991473532e-16,-1.0,1.2246467991473532e-16,-1.0,-0.7818314824680299,0.6234898018587334
172,3.0,0,6,0,2,1,2,27.2333,74.24326043261199,0.171025,474,0,4835,21,-1.0,-1.8369701987210297e-16,1.2246467991473532e-16,-1.0,0.9749279121818236,-0.22252093395631434
683,4.0,1,11,0,2,1,2,13.7333,60.541714515863845,0.342046,542,0,4094,13,-2.4492935982947064e-16,1.0,-0.5000000000000004,0.8660254037844384,0.9749279121818236,-0.22252093395631434
146,2.0,0,5,0,4,1,1,28.3333,62.40040887962141,0.199642,720,0,4677,26,1.2246467991473532e-16,-1.0,0.49999999999999994,-0.8660254037844387,-0.433883739117558,-0.9009688679024191
37,1.0,0,2,0,6,0,1,11.4333,48.48639340898286,0.1418,565,0,1623,6,1.0,6.123233995736766e-17,0.8660254037844386,0.5000000000000001,-0.7818314824680299,0.6234898018587334
393,1.0,1,1,0,6,0,1,12.6333,45.29998738183214,0.210829,479,0,4023,28,1.0,6.123233995736766e-17,0.49999999999999994,0.8660254037844387,-0.7818314824680299,0.6234898018587334
101,2.0,0,4,0,1,1,2,23.8261,67.42932232791178,0.324474,799,0,3348,11,1.2246467991473532e-16,-1.0,0.8660254037844387,-0.4999999999999998,0.7818314824680298,0.6234898018587336
367,1.0,1,1,1,1,0,1,10.9217,24.648380094903917,0.329665,989,0,1951,2,1.0,6.123233995736766e-17,0.49999999999999994,0.8660254037844387,0.7818314824680298,0.6234898018587336
219,3.0,0,8,0,6,0,1,29.7,72.01277621360647,0.201487,769,0,3785,7,-1.0,-1.8369701987210297e-16,-0.8660254037844385,-0.5000000000000004,-0.7818314824680299,0.6234898018587334
707,4.0,1,12,0,5,1,2,12.8333,73.44665892582431,0.1306,708,0,5008,7,-2.4492935982947064e-16,1.0,-2.4492935982947064e-16,1.0,-0.9749279121818236,-0.2225209339563146
303,4.0,0,10,0,6,0,1,12.7667,55.549635921247344,0.176617,787,0,3331,30,-2.4492935982947064e-16,1.0,-0.8660254037844386,0.5000000000000001,-0.7818314824680299,0.6234898018587334
461,2.0,1,4,0,4,1,1,17.4,23.73872490227293,0.219529,518,1,6457,5,1.2246467991473532e-16,-1.0,0.8660254037844387,-0.4999999999999998,-0.433883739117558,-0.9009688679024191
168,2.0,0,6,0,5,1,1,25.9667,69.83531379089276,0.143029,659,1,4844,17,1.2246467991473532e-16,-1.0,1.2246467991473532e-16,-1.0,-0.9749279121818236,-0.2225209339563146
92,2.0,0,4,0,6,0,2,12.6,59.373323153828224,0.197146,672,0,2252,2,1.2246467991473532e-16,-1.0,0.8660254037844387,-0.4999999999999998,-0.7818314824680299,0.6234898018587334
126,2.0,0,5,0,5,1,1,19.1667,46.73599901157685,0.228246,695,0,4608,6,1.2246467991473532e-16,-1.0,0.49999999999999994,-0.8660254037844387,-0.9749279121818236,-0.2225209339563146
8,1.0,0,1,0,6,0,2,6.6,44.34406557368692,0.266804,990,0,959,8,1.0,6.123233995736766e-17,0.49999999999999994,0.8660254037844387,-0.7818314824680299,0.6234898018587334
528,2.0,1,6,0,1,1,2,28.8333,50.98249643441166,0.207713,907,0,6664,11,1.2246467991473532e-16,-1.0,1.2246467991473532e-16,-1.0,0.7818314824680298,0.6234898018587336
568,3.0,1,7,0,6,0,3,23.8333,86.35160333578474,0.2133,839,0,4459,21,-1.0,-1.8369701987210297e-16,-0.4999999999999997,-0.8660254037844388,-0.7818314824680299,0.6234898018587334
331,4.0,0,11,0,6,0,1,18.3667,65.05570475016665,0.208954,646,0,3071,27,-2.4492935982947064e-16,1.0,-0.5000000000000004,0.8660254037844384,-0.7818314824680299,0.6234898018587334
